wang,text,text_ref
온조왕(溫祚王),고구려의 왕자였으나 동명성왕의 적자 유리명왕이 부여에서 고구려로 와 태자가 되자 형인 비류와 함께 한반도로 남하했다,고구려 왕자 동명 동명성왕 명성 성왕 왕의 적자 유리 유리명왕 명왕 부여 태자 자가 비류 한반도 남하
온조왕(溫祚王), 비류는 미추홀 에 자리를 잡았고 온조왕은 하남위례성에 수도를 정하고 나라의 이름을 십제 라 했다,비류 미추 미추홀 자리 온조왕 하남위례성 위례 위례성 수도 나라 이름
온조왕(溫祚王), 미추의 땅이 습하고 물이 짜 살 수 없어 백성들이 위례로 떠나자 비류는 자결했고 온조는 이들을 받아들인 뒤 나라의 이름을 백제라 하였고 이 이름은 성왕이 남부여로 바꿀 때까지의 국호가 되었다,미추 물이 백성 위례 비류 자결 아들 나라 이름 백제 백제라 성왕 남부 남부여 부여 국호
온조왕(溫祚王), 이때 본래 성 은 해 였으나 그 계통은 고구려와 더불어 부여에서 같이 나왔기 때문에 이후 부여 를 성으로 삼았다,이때 본래 계통 고구려 부여 때문 이후
온조왕(溫祚王),온조의 이름이 본명이 아닌 묘호라는 주장이 있으나 삼국시대의 고구려와 백제는 태조 고구려 태조 추모왕 중모왕 백제 태조 도모대왕 를 제외하면 묘호를 따로 사용하지 않았으며 백제의 경우 무령왕 성왕 시기 중국 양나라의 강례박사 육후가 백제로 건너와 시호법을 전수하기 이전에는 그 나라의 방언으로 왕호를 붙였다고 한다,조의 이름 본명 묘호 주장 삼국시대 삼국 시대 대의 고구려 백제 태조 추모 추모왕 중모 중모왕 도모 도모대왕 모대 대왕 제외 사용 제의 경우 무령왕 무령 성왕 시기 중국 양나라 나라 강례박사 박사 육후 건너 시호법 시호 호법 전수 이전 방언 왕호
온조왕(溫祚王), 해동역사 기록에 의하면 백제가 시호법을 제정한 시기는 백제 성왕 1년 523년 이다,해동 해동역사 역사 기록 백제 시호 시호법 호법 제정 시기 성왕
온조왕(溫祚王), 백제 역사상 최초로 시호를 받은 군주는 성왕의 부친인 무령왕이다,백제 역사 역사상 사상 최초 시호 군주 성왕 왕의 부친 무령 무령왕
온조왕(溫祚王), 즉 백제는 성왕 1년 이전에는 묘호와 시호 둘 다 사용하지 않았다,백제 성왕 이전 묘호 시호 사용
온조왕(溫祚王), 한국사에서 묘호를 최초로 사용한 시기는 신라 태종 무열왕 때 일이다,한국 한국사 국사 묘호 최초 사용 시기 신라 태종 무열왕
온조왕(溫祚王), 그 다음으로 오래된 건 발해 고왕 대조영 시기이다,다음 발해 대조영 시기
온조왕(溫祚王), 때문에 시조 온조의 이름이 묘호라는 주장은 합당하지 않다,때문 시조 조의 이름 묘호 주장
온조왕(溫祚王), 고구려 태조대왕처럼 묘호 비슷하게 지은 왕호일 가능성이 있다,고구려 태조 태조대왕 대왕 묘호 지은 왕호 왕호일 호일 가능성 있다
온조왕(溫祚王),백제 건국 설화에 대해서는 삼국사기 백제본기는 상기한 시조 온조설에 입각해 있으나 백제의 건국에 대해서는 시조 비류설과 시조 구태설 등 다른 설도 있다,백제 건국 설화 삼국사기 삼국 국사 사기 백제본기 본기 상기 시조 조설 입각 제의 비류 비류설과 설과 구태설 구태 있다
온조왕(溫祚王), 현재는 시조 온조설이 정설로 인정받고 있다,현재 시조 조설 정설 인정 있다
온조왕(溫祚王),동부여에서 유리가 생모 예씨부인을 데리고 남하하자 소서노는 비류와 온조 형제를 데리고 남하했다,동부 동부여 부여 유리 생모 예씨부인 부인 남하 비류 형제
온조왕(溫祚王), 기원전 18년 형 비류는 인천에 도읍하고 나라 이름을 미추홀이라 하였고 온조는 위례성에 도읍을 정하고 십제라 했다가 나중에 인구가 늘어나자 백제라 하였다,기원 기원전 비류 인천 도읍 나라 이름 미추 미추홀 위례 위례성 나중 인구 백제 백제라
온조왕(溫祚王),기원전 17년 음력 3월 족부 왕의 7촌 종숙 을음 을 우보로 삼았다,기원 기원전 음력 족부 왕의 종숙 을음 우보
온조왕(溫祚王),기원전 16년 음력 9월에 말갈이 침입해 왔지만 백제에게 대패해 달아났다,기원 기원전 음력 말갈 침입 백제 대패
온조왕(溫祚王), 그 군사력을 바탕으로 기원전 15년에는 낙랑과 동맹을 맺었다,군사 군사력 바탕 기원 기원전 낙랑 동맹 맺었
온조왕(溫祚王), 기원전 11년에는 말갈의 대대적인 공격이 이루어졌지만 10일만에 식량이 떨어져 후퇴하다가 온조왕에게 500명이 죽었다,기원 기원전 말갈 대대적 공격 10일만 식량 후퇴 하다 온조왕
온조왕(溫祚王),기원전 8년에는 동예의 국경에 목책을 세웠는데 동예가 말갈과 함께 목책을 부수고 백제인 100명을 죽이는 사태가 일어났다,기원 기원전 동예 동예의 예의 국경 목책 동예가 예가 말갈 백제 백제인 사태 일어
온조왕(溫祚王), 이 후에 백제는 동예와의 관계를 끊고 목책을 세웠다,백제 동예 와의 관계 목책
온조왕(溫祚王),기원전 4년에는 도읍을 위례성에서 한성으로 옮기자 그 틈을 노려 동예가 기원전 1년에 위례성을 함락했다,기원 기원전 도읍 위례 위례성 한성 동예 동예가 예가 함락
온조왕(溫祚王),기원전 1년에는 말갈이 쳐들어왔지만 추장이 생포되었다,기원 기원전 말갈 추장 생포
온조왕(溫祚王), 그리고 위례성을 쳐들어간 보복으로 동예를 쳐들어갔지만 폭설 때문에 계획이 좌절되고 말았다,위례 위례성 보복 동예 폭설 때문 계획 좌절
온조왕(溫祚王),서기 4년 음력 8월에는 석두와 고목에 성을 쌓았고 6년 음력 7월에는 남쪽 경계에 목책을 쌓았다,서기 음력 석두 고목 남쪽 경계 목책
온조왕(溫祚王), 하지만 마한의 압력으로 목책을 철거했다,마한 압력 목책 철거
온조왕(溫祚王),7년 음력 2월에는 왕궁의 우물이 넘쳤고 말이 소를 낳았는데 머리가 하나고 몸이 2개였다,음력 왕궁 우물 물이 머리 하나
온조왕(溫祚王), 온조왕은 그것이 길조라고 생각하여 합병계획에 들어갔고 9년 음력 2월에는 마한을 기습공격해 패망시켰고 마한은 원산성 1 등지에서의 최후의 저항을 끝으로 백제에 병합되었다,온조왕 그것 길조 생각 각하 합병 합병계획 계획 음력 마한 기습 기습공격 공격 패망 원산 산성 등지 최후 저항 백제 병합
온조왕(溫祚王), 단 마한 전토가 모두 병합된 것은 아니고 노령이남의 전남지역은 일단 백제의 맹주권을 인정하며 한동안 독립을 유지해 침미다례를 형성했다,마한 전토 병합 노령 남의 전남지역 남지 지역 백제 제의 맹주 인정 한동안 독립 유지 침미다례 다례 형성
온조왕(溫祚王), 2 서기 9년 음력 7월에는 대두산성을 쌓았고 서기 10년 음력 2월에는 왕자 다루를 태자로 삼아 군정을 맡겼다,서기 음력 대두 대두산성 산성 왕자 다루 태자 태자로 자로 삼아 군정
온조왕(溫祚王), 16년 음력 10월에는 마한의 옛 장수 주근이 우곡성을 거점으로 쿠데타를 일으켰다,음력 마한 장수 주근 우곡성 곡성 거점 쿠데타
온조왕(溫祚王), 하지만 반란은 1달 만에 진압되고 주근은 자결했다,반란 진압 주근 자결
온조왕(溫祚王), 18년에 백제는 탕정성 3 고사부리성 4 을 쌓았고 원산성과 금현성 5 을 수리했다,백제 탕정 고사 고사부리 부리 원산 원산성과 산성 성과 금현성 현성 수리
온조왕(溫祚王), 22년 음력 9월과 11월에는 말갈이 술천성 6 부현성 7 을 습격하였지만 간신히 적을 퇴치했다,음력 말갈 술천 술천성 천성 부현성 현성 습격 퇴치
온조왕(溫祚王),온조왕은 28년 음력 2월에 생을 마감했다,온조왕 음력 마감
다루왕(多婁王),10년에 태자 로 책봉되었고 28년에 왕위에 올랐다,태자 책봉 왕위
다루왕(多婁王), 삼국사기 의 기록에 따르면 성격이 관대하고 후덕하며 위망 이 있었다고 한다,삼국 삼국사기 국사 사기 기록 성격 관대 후덕 위망
다루왕(多婁王), 29년 봄 정월에 시조 동명 의 묘 에 배알하고 제사를 지낸 기록이 있고 33년에는 남부 주군 으로 하여금 벼농사를 짓게 하였다고 한다,정월 시조 동명 배알 제사 기록 남부 주군 벼농사 농사
다루왕(多婁王), 38년에 흉년으로 백성의 살림이 곤란하자 전국적으로 양주 를 금지시키고 지방을 친히 순시하며 빈민을 구호했다,흉년 백성 살림 곤란 전국적 양주 금지 지시 지방 순시 빈민 구호
다루왕(多婁王), 여러 차례 말갈 과 싸워 이를 격퇴하고 56년에는 우곡성 을 쌓아 동북지방의 방비를 정비했다,차례 말갈 격퇴 우곡성 곡성 동북 동북지방 지방 방비 정비
다루왕(多婁王), 1 63년 겨울 음력 10월에 낭자곡성 현재의 청주 까지 영토를 넓히고 신라에 사신을 보내어 만나기를 청하였으나 신라 탈해 이사금이 이에 응하지 않았다,겨울 음력 낭자 낭자곡성 곡성 현재 청주 영토 신라 사신 보내어 청하 이사금
다루왕(多婁王), 2 64년 가을 음력 8월에 군사를 보내 신라의 와산성 을 공격하였다,가을 음력 군사 신라 산성 공격
다루왕(多婁王), 겨울 음력 10월에 또 신라의 구양성 을 공격하자 신라의 탈해 이사금은 기병 2천 명을 보내 쳐서 쫓아보냈다,겨울 음력 신라 구양 구양성 양성 공격 이사금 기병
다루왕(多婁王), 3 66년 다시 와산성을 빼앗고 수비병 2백을 주둔시켰으나 신라에게 곧 다시 빼앗겼다,산성 수비병 주둔 신라
다루왕(多婁王), 4 70년에 다시금 신라를 침공하였으나 5 자세한 것은 전하지 않는다,신라 침공 자세
다루왕(多婁王), 74년에 신라의 변방을 노략 탈해 이사금이 병사를 보내 격퇴당했다,신라 변방 노략 이사금 병사 격퇴
다루왕(多婁王), 6 75년 음력 10월 신라의 와산성을 다시 공격하여 함락하였다,음력 신라 산성 공격 함락
다루왕(多婁王), 7 그러나 76년 가을 음력 9월에 신라는 군사를 보내 백제를 정벌하여 와산성을 다시 빼앗고 백제로부터 와서 살던 사람 2백여 명을 모두 죽였다,가을 음력 신라 군사 백제 정벌 산성 사람 2백여
기루왕(己婁王),33년 다루왕 6 에 태자로 책봉 되었다,다루 다루왕 태자 태자로 자로 책봉
기루왕(己婁王), 다루왕이 죽자 77년에 즉위하였고 85년에 신라의 변방을 공격하였다,다루 다루왕 즉위 신라 변방 공격
기루왕(己婁王), 105년 신라와 평화조약을 맺고 1 그 이후 신라와 평화관계를 유지하였다,신라 평화 평화조약 조약 이후 평화관계 관계 유지
기루왕(己婁王), 125년 말갈의 침입을 받은 신라에 원병을 보냈다,말갈 침입 신라 원병
기루왕(己婁王),제2대 다루왕의 맏아들로서 서기 33년 다루왕 6 에 태자로 책봉되어 77년에 다루왕이 죽자 왕위를 계승하였다,다루 다루왕 왕의 맏아들 아들 서기 태자 태자로 자로 책봉 왕위 왕위를 계승
기루왕(己婁王), 삼국사기 의 기루왕 치세에 대한 기록에는 천문이변 지진 큰 가뭄 태풍 기상이변 등에 대한 간략한 기록이 대부분이다,삼국사기 삼국 국사 사기 기루왕 치세 기록 천문 지진 가뭄 태풍 기상 등에 간략 대부분 대부 부분
기루왕(己婁王), 기록의 내용이 흉년 재난 또는 흉조를 뜻하는 것들이 많음은 기루왕 치세의 백제가 큰 시련기였음을 반영하는 것으로 보인다,기록 내용 흉년 재난 흉조 많음은 기루왕 치세 백제 시련기 반영
기루왕(己婁王),개루왕에 대해서는 서자라는 설이 있으며 그 이유는 기루왕 21년 97년 에 두마리 용이 한강에 나타났다는 기록이 있음에 따라 반란을 은유하며 기루왕 27년 103년 에 왕이 한산에서 사냥해서 신록을 잡았다는 기록이 보이는데 이때 잡은 신록이 개루왕일 것이란 설이 있고 개루왕이 이 반란을 진압했을 가능성이 있다,개루왕 서자 이유 기루왕 마리 한강 기록 있음 반란 은유 한산 사냥 신록 이때 진압 가능성 있다
기루왕(己婁王), 또한 나이 차이가 매우 큼 역시 이를 방증한다,나이 차이 방증
기루왕(己婁王), 또한 고이왕이 개루왕의 아들이 아니라는 설도 있으므로 부여질 역시 확실하게 기루왕의 아들일 수 없다,고이왕 개루왕 왕의 아들 부여 기루왕
개루왕(蓋婁王),132년 봄 2월에 북한산성 을 쌓았다,북한 북한산성 한산 산성
개루왕(蓋婁王), 165년에는 당시 신라 사람 아찬 길선이 반란을 일으켜 백제로 망명하게 되었는데 개루왕은 도망친 길선을 정성껏 대접하여 결국 망명을 허가하였다,당시 신라 사람 아찬 길선 반란 백제 망명 개루왕 도망 대접 결국 허가
개루왕(蓋婁王), 이 사건에 대해서 김부식이 지은 삼국사기 에서는 개루왕이 나라를 배신할 지도 모르는 길선을 데리고 왔으니 왕이 매우 어리석다,사건 김부식 지은 삼국 삼국사기 국사 사기 개루왕 나라 배신 지도 길선
개루왕(蓋婁王), 고 비난하기도 하였다,비난 기도
개루왕(蓋婁王), 길선이 망명한 것에 대해서 신라 정부에서는 백제와 대립하려는 세력이 늘어갔으며 마침내는 신라군이 백제의 국경을 침략하여 많은 인명 피해 사태가 발생하기도 하였다,길선 망명 신라 정부 백제 대립 세력 신라군 제의 국경 침략 인명 피해 사태 발생 기도
초고왕(肖古王),선왕 시절인 155년에 신라에서 반란을 일으켰다가 발각되어 백제로 망명해온 아찬 길선 의 송환문제로 양국 사이에 불화가 생겼으며 개루왕의 즉위 후에도 신라와의 대립은 계속되었다,선왕 시절 신라 반란 발각 백제 망명 아찬 길선 송환 송환문제 문제 양국 사이 불화 개루왕 왕의 즉위 와의 대립 계속
초고왕(肖古王), 출처 필요 167년에는 신라의 서쪽 변경을 공격하였고 188년에는 모산성 을 공격하였다,출처 필요 신라 서쪽 변경 공격 모산성 산성
초고왕(肖古王), 189년 음력 7월에는 구양 현재의 충북 옥천 에서 신라와 싸웠으나 패배하였다,음력 구양 현재 충북 옥천 신라 패배
초고왕(肖古王), 190년 신라 서쪽 국경에 있던 원산향 현재의 경북 예천 을 공격하였고 추격해오는 신라군을 와산 현재의 충북 보은 에서 크게 격파하였다,신라 서쪽 국경 원산 원산향 현재 경북 예천 공격 추격 신라군 충북 보은 격파
초고왕(肖古王), 204년에는 신라의 요차성 요거성,신라 요차 요거
초고왕(肖古王), 현재의 경북 상주 을 함락하고 성주 인 설부 를 죽였다,현재 경북 상주 함락 성주 설부
초고왕(肖古王),또 북한강 상류를 타고 내려오는 말갈의 침입에 대비하여 210년 적현성 과 사도성 을 쌓아 동부의 민호를 이주시켰다,북한 북한강 한강 상류 말갈 침입 대비 적현성 현성 사도 사도성 동부 민호 이주
초고왕(肖古王), 214년 북부출신 진과 에게 말갈의 석문성 을 공격하여 탈취하도록 하였다,북부 북부출신 출신 진과 말갈 석문성 문성 공격 탈취 취하
초고왕(肖古王), 그러나 말갈의 날랜 기병으로 인해 술천 현재의 경기 여주 지역까지 침범 당하기도 하였다,말갈 날랜 기병 술천 현재 경기 여주 지역 침범 기도
구수왕(仇首王), 삼국사기 의 기록에 따르면 말갈 신라 등과 수많은 전투를 치렀으나 대부분 백제의 참패로 끝난다,삼국 삼국사기 국사 사기 기록 말갈 신라 전투 대부 대부분 부분 백제 제의 참패
구수왕(仇首王), 또 재위 말에는 혹심한 가뭄이나 기근 등의 재난이 겹치기도 했다,재위 가뭄 기근 재난 난이 기도
구수왕(仇首王), 216년 음력 8월에 말갈이 적현성 을 침범하였으나 성주가 굳게 지켜 막아 물러가게 했고 왕이 기병 8백명을 이끌고 적을 추격하여 사도성 아래에서 크게 이겼다,음력 말갈 적현성 현성 침범 성주 기병 8백명 추격 사도 사도성 아래
구수왕(仇首王), 217년 음력 2월에 사도성 옆에 두 개의 목책을 설치하였는데 동서로 서로 떨어진 거리가 10리였다,음력 사도 사도성 목책 설치 동서 거리
구수왕(仇首王), 적현성 의 군졸을 나누어 보내 지키게 하였다,적현성 현성 군졸
구수왕(仇首王), 218년 왕이 군사를 보내어 신라의 장산성 을 포위하자 신라 내해 이사금이 몸소 군사를 거느리고 와서 공격하여 백제군이 패하였다,군사 보내어 신라 장산성 산성 포위 내해 이사금 공격 백제 백제군
구수왕(仇首王),234년 구수왕이 죽은 후 아들 사반왕이 왕위를 계승했으나 어려서 정치를 할 수 없기 때문에 초고왕의 아우인 고이왕이 즉위하였다고 한다,구수 구수왕 아들 사반왕 왕위 왕위를 계승 정치 때문 초고 초고왕 왕의 아우 고이왕 즉위
구수왕(仇首王), 그러나 고이왕이 초고왕의 아우라 하는 것은 연대상으로 모순되기 때문에 고이왕은 구수왕과는 온조계 왕실 내의 서로 다른 지파 출신으로 추정되고 있다,고이왕 초고왕 초고 왕의 아우 연대 연대상 대상 모순 때문 구수왕 구수 조계 왕실 내의 지파 출신 추정 있다
구수왕(仇首王),또한 구수왕의 차남으로 지목되는 비류왕은 삼국사기에 의하면 그는 구수왕의 아들이자 사반왕의 동생이다,구수 구수왕 왕의 차남 지목 비류 비류왕 삼국 삼국사기 국사 사기 아들 이자 사반왕 동생
구수왕(仇首王), 또 평민으로 살면서 명성을 얻었다고도 한다,평민 명성 고도
구수왕(仇首王), 비류왕과 비류왕의 형 사반왕 사이에는 70년 이상의 연대 차이가 나므로 형제 여부에 관하여 이견이 있다,비류 비류왕 왕의 사반왕 사이 이상 연대 차이 형제 여부 이견 있다
구수왕(仇首王), 삼국사기 에서 아버지로 지목하는 구수왕과 형으로 지목한 사반왕이 죽은 뒤 70년만에 즉위하여 40년을 통치한다,삼국 삼국사기 국사 사기 아버지 지목 구수 구수왕 사반왕 70년만 즉위 통치
구수왕(仇首王), 또한 삼국사기 에서는 비류왕을 구수왕의 아들이자 사반왕의 동생이라 기술하고도 같은 조의 다른 줄에는 평민으로 살면서 명성을 얻었다는 구절이 나타난다,삼국 삼국사기 국사 사기 비류왕 비류 구수 구수왕 왕의 아들 이자 사반왕 동생 기술 고도 조의 평민 명성 구절
사반왕(沙伴王),구수왕이 234년에 사망하자 장남인 사반왕이 제7대 백제 임금이 되었다,구수 구수왕 사망 장남 사반왕 백제 임금
사반왕(沙伴王), 그러나 5대 초고왕의 동생 또는 동생의 후손이라는 설이 있는 고이왕에게 나이가 어리다는 이유로 왕위를 빼앗겼다,초고 초고왕 왕의 동생 후손 고이왕 나이 이유 왕위 왕위를
사반왕(沙伴王), 그 후의 행적에 대한 기록은 남아 있지 않다,행적 기록
사반왕(沙伴王), 다만 왕으로 즉위하고 얼마 안되어 고이왕에게 왕위를 빼앗긴 것으로 보아 폐위 직후 살해당했을 것으로 추정된다,즉위 얼마 고이왕 왕위 왕위를 폐위 직후 살해 해당 추정
사반왕(沙伴王), 삼국사기에 의하면 234년 구수왕이 죽자 사반이 맏아들로서 왕위에 올랐으나 나이가 어려 정사를 잘 처리하지 못하므로 제5대 초고왕의 동생 고이왕이 즉위했다고 한다,삼국 삼국사기 국사 사기 구수 구수왕 반이 맏아들 아들 왕위 나이 정사 처리 초고왕 초고 왕의 동생 고이왕 즉위
사반왕(沙伴王), 또 삼국유사에는 사비왕 또는 사이왕 으로 나오며 폐위되었다고 전하기도 한다,삼국 삼국유사 유사 사비 사비왕 사이 사이왕 폐위 기도
사반왕(沙伴王), 그 뒤 얼마 안 가서 고이왕 세력에 의해 처형되었을 것으로 짐작된다,얼마 고이왕 세력 처형 짐작
사반왕(沙伴王), 사반왕이 폐위되고 고이왕이 즉위한 것을 왕실 방계 의 성장에 의한 왕위교체로 파악하고 고이왕을 지지한 진씨 세력이 사반왕을 지지한 해씨 세력을 압도한 결과로 보는 견해도 있다,사반왕 폐위 고이왕 즉위 왕실 방계 성장 왕위 왕위교체 교체 파악 지지 진씨 세력 해씨 압도 결과 견해 있다
사반왕(沙伴王),삼국사기에 의하면 사반왕은 구수왕의 아들이자 비류왕의 형이다,삼국 삼국사기 국사 사기 사반왕 구수 구수왕 왕의 아들 이자 비류 비류왕
사반왕(沙伴王), 또 비류왕은 평민으로 살면서 명성을 얻었다고도 한다,비류 비류왕 평민 명성 고도
사반왕(沙伴王), 비류왕과 비류왕의 형 사반왕 사이에는 70년 이상의 연대 차이가 나므로 형제 여부에 관하여 이견이 있다,비류 비류왕 왕의 사반왕 사이 이상 연대 차이 형제 여부 이견 있다
사반왕(沙伴王), 삼국사기 에서 비류왕의 아버지로 지목하는 구수왕과 형으로 지목한 사반왕이 물러난 뒤 70년만에 즉위하여 40년을 통치한다,삼국 삼국사기 국사 사기 비류 비류왕 왕의 아버지 지목 구수 구수왕 사반왕 70년만 즉위 통치
사반왕(沙伴王), 또한 삼국사기 에서는 비류왕을 구수왕의 아들이자 사반왕의 동생이라 기술하고도 같은 조의 다른 줄에는 평민으로 살면서 명성을 얻었다는 구절이 나타난다,삼국 삼국사기 국사 사기 비류왕 비류 구수 구수왕 왕의 아들 이자 사반왕 동생 기술 고도 조의 평민 명성 구절
고이왕(古爾王),고이왕의 가계는 불확실한데 고이왕은 보통 삼국사기 의 기록을 취해 개루왕의 아들로 보나 삼국사기 의 다른 기록 및 삼국유사 에는 초고왕의 모제 외삼촌 이라 되어 있어 논란의 여지가 있으며 초고왕 사후 20년 뒤에 즉위하여 그때로부터 다시 50년을 재위하였으므로 초고왕의 동생인가 여부에 이견이 존재한다,고이왕 왕의 가계 불확실 보통 삼국사기 삼국 국사 사기 기록 개루왕 아들 삼국유사 유사 초고왕 초고 모제 외삼촌 논란 여지 사후 즉위 그때 재위 동생 여부 이견 존재
고이왕(古爾王), 삼국사기 의 기록에 따르면 그는 구수왕이 죽은 뒤 구수왕의 장자인 사반왕이 왕위를 계승하였으나 어려서 정사를 감당하지 못하자 사반왕을 폐위시키고 왕위에 올랐다,삼국사기 삼국 국사 사기 기록 구수 구수왕 왕의 장자인 장자 자인 사반왕 왕위 왕위를 계승 정사 감당 폐위 위시
고이왕(古爾王), 온조왕의 형 비류의 후손이라는 설과 초고왕의 차남의 아들 혹은 손자라는 설이 있다,온조왕 왕의 비류 후손 설과 초고 초고왕 차남 남의 아들 손자 있다
고이왕(古爾王),그는 재위 기간 중 괴곡 충청북도 괴산군 봉산 지금의 경상북도 영주시 을 중심으로 자주 신라와 충돌했다,재위 기간 괴곡 충청북도 충청북 북도 괴산 괴산군 봉산 지금 경상 경상북도 영주 영주시 중심 신라 충돌
고이왕(古爾王), 내정면에서는 여러 가지 정치 제도와 복식 제도를 제정했으며 그것은 고이왕이 죽은 뒤에도 지속되어 그 뒤 백제가 멸망할 때까지 4백 년간이나 이어져 백제의 기본 제도로 유지되었다,내정 내정면 정면 가지 정치 제도 복식 제정 그것 고이왕 지속 백제 멸망 년간 제의 기본 유지
고이왕(古爾王), 재위 27년 260년 봄 정월 기존의 좌우보 체제를 개혁하여 여섯 개의 좌평 을 두고 그들에게 왕명 출납과 창고 관리 의례 제정 형벌 제도 군사 업무를 각각 분담시켜 맡아보게 했다,재위 정월 기존 좌우 우보 체제 개혁 여섯 좌평 두고 왕명 출납 창고 관리 의례 제정 형벌 제도 군사 업무 분담
고이왕(古爾王), 자세한 것은 좌평 참조,자세 좌평 참조
고이왕(古爾王), 또한 16품의 관등 체계를 정비했으며 관직의 위계에 따라 자주색 다홍색 푸른색 옷을 입게 하는 등 품계에 따른 왕과 귀족의 공복에 관한 제도도 정했다,관등 체계 정비 관직 위계 자주색 다홍색 푸른색 품계 귀족 공복 제도
고이왕(古爾王), 이러한 지배체제의 정비를 통해 왕권의 강화를 이루어냈고 그 성장한 힘을 바탕으로 대외 팽창을 시도하여 고이왕은 낙랑과 신라 그리고 말갈과 군사적으로 충돌하며 세력을 키워 갔다,지배체제 지배 체제 제의 정비 왕권 강화 성장 바탕 대외 팽창 시도 고이왕 낙랑 신라 말갈 군사적 군사 충돌 세력
고이왕(古爾王), 또한 남옥저의 일부를 점령하고 중국 대륙의 서진과 외교관계를 맺었다,남옥저 일부 점령 중국 대륙 서진 진과 외교 외교관계 관계 맺었
고이왕(古爾王), 강원도 북부에 자리잡은 말갈 동예라고 불리는 족이 자주 침범해 왔는데 고이왕대에는 말갈과도 우호관계가 조성되었다,강원 강원도 북부 자리 말갈 동예 침범 고이왕 왕대 우호 우호관계 관계 조성
고이왕(古爾王), 한사군의 후신인 낙랑 대방과도 혼인을 통한 동맹관계를 형성했다,한사 한사군의 군의 후신인 신인 낙랑 대방 혼인 동맹 동맹관계 관계 형성
고이왕(古爾王),재위 13년 246년 위나라가 낙랑군 과 삭방 과 합공해 고구려와 전쟁을 벌이는 틈을 타서 낙랑군의 변방을 공격하기도 했다,재위 위나라 나라 낙랑 낙랑군 삭방 합공해 공해 고구려 전쟁 군의 변방 공격 기도
고이왕(古爾王), 또한 한나라와 낙랑군 대방군 사이에 분쟁이 일어났을 때 대방군을 선제공격하여 대방태수 궁준을 전사하게 한 사건의 배후에도 고이왕이 이끄는 백제의 힘이 작용하였을 것이라고 보기도 한다,한나라 나라 낙랑 낙랑군 대방군 대방 사이 분쟁 일어 선제 선제공격 제공 공격 대방태수 태수 전사 사건 배후 고이왕 백제 제의 작용 기도
고이왕(古爾王),관리로서 재물을 받은 자와 남의 것을 도둑질한 자에게는 3배를 징출 케 하는 동시에 종신 금고 에 처한다는 법령을 내려 기강을 바로잡았고 신라의 국경을 침범하여 영토를 확장하였다,관리 재물 남의 동시 종신 금고 법령 기강 신라 국경 침범 영토 확장
책계왕(責稽王), 삼국사기 백제본기에 따르면 286년에 수도인 위례성을 수리하고 고구려의 침입을 막고자 아차성과 사성을 수축했다고 한다,삼국 삼국사기 국사 사기 백제 백제본기 본기 수도 위례 위례성 수리 고구려 침입 성과 사성 수축
책계왕(責稽王), 298년 음력 9월 한나라군 이 맥인 들을 이끌고 침입하였고 왕이 직접 나가서 방어하다가 전사하였다,음력 한나라 한나라군 나라 침입 방어 하다 전사
책계왕(責稽王),재위기간은 286년부터 298년까지이다,재위 재위기간 기간
책계왕(責稽王), 일명 청계 또는 책체 라고도 한다,일명 청계 책체 고도
책계왕(責稽王), 고이왕의 맏아들이며 왕비는 대방왕 의 딸 보과 이다,고이왕 왕의 맏아들 아들 왕비 대방 대방왕 보과
책계왕(責稽王), 체구가 장대하고 의지가 굳세었다고 한다,체구 장대 의지
책계왕(責稽王), 286년 책계왕 1 에 고구려가 대방을 공격하였을 때 대방왕이 사위인 그에게 구원을 요청하자 군사를 보내어 고구려군을 물리쳤다,계왕 고구려 대방 공격 대방왕 사위 구원 요청 청하 군사 보내어 고구려군
책계왕(責稽王), 이 때문에 고구려와의 사이가 나빠져 고구려의 침입에 대비하여 아차성 지금의 서울 광장동 아차산성 과 사성 지금의 서울 풍납동토성 을 수축하였다,때문 고구려 고구려와의 와의 사이 침입 대비 지금 서울 광장동 광장 아차산 산성 사성 풍납동 풍납 풍납동토성 토성 수축
책계왕(責稽王), 그러나 298년 한군 낙랑의 군대과 맥인 동예로 추정됨의 침입에 맞서 싸우다가 적병에게 살해되었다,낙랑 군대 동예 추정 침입 적병 살해
분서왕(汾西王),책계왕이 한군현과의 전투에서 전사하자 뒤를 이어 왕위에 올랐으며 304년에 낙랑군 의 서쪽 현 을 공격하여 이를 점령하였다,계왕 군현 군현과의 과의 전투 전사 왕위 낙랑 낙랑군 서쪽 공격 점령
분서왕(汾西王), 그러나 같은 해 낙랑 태수가 보낸 자객에게 살해당했다,낙랑 태수 자객 살해 해당
분서왕(汾西王),제9대 책계왕의 맏아들이다,계왕 왕의 맏아들 아들
분서왕(汾西王), 어려서부터 총명하고 의표 가 뛰어나 부왕의 사랑을 받았다고 한다,총명 의표 부왕 왕의 사랑
분서왕(汾西王), 한군현 세력의 침입을 막다가 부왕이 전사하자 왕위를 계승하였다,군현 세력 침입 부왕 전사 왕위 왕위를 계승
분서왕(汾西王), 분서왕도 부왕과 마찬가지로 낙랑 등 한군현 세력에 대하여 강경책을 폈던 것으로 보인다,분서 분서왕 부왕 마찬가지 가지 낙랑 군현 세력 강경책
분서왕(汾西王), 304년 분서왕 7 에는 낙랑군의 서쪽 현을 공격하여 차지하기도 하였다,분서 분서왕 낙랑 낙랑군 군의 서쪽 공격 차지 기도
분서왕(汾西王), 그러나 그해에 분서왕은 낙랑이 보낸 자객에게 피살되었다,그해 분서 분서왕 낙랑 자객 피살
분서왕(汾西王), 고이왕의 손자인 분서왕이 피살된 뒤 고이왕계가 몰락하고 초고왕계가 다시 왕권을 장악하게 되었다,고이왕 왕의 손자 자인 분서 분서왕 피살 왕계 몰락 초고 초고왕 초고왕계 왕권 장악
분서왕(汾西王), 제11대 비류왕 다음에 분서왕의 아들 제12대 계왕이 잠시 왕위에 있었던 것으로 전하나 고이왕계의 몰락을 막지는 못하였다,비류 비류왕 다음 분서 분서왕 왕의 아들 제12대 계왕 왕위 하나 고이왕 왕계 몰락
비류왕(比流王),삼국사기에 의하면 그는 구수왕의 아들이자 사반왕의 동생이다,삼국 삼국사기 국사 사기 구수 구수왕 왕의 아들 이자 사반왕 동생
비류왕(比流王), 또 삼국사기 백제본기의 다른 줄에는 그가 평민으로 살면서 명성을 얻었다고도 한다,삼국 삼국사기 국사 사기 백제 백제본기 본기 기의 평민 명성 고도
비류왕(比流王), 비류왕과 비류왕의 형 사반왕 사이에는 70년 이상의 연대 차이가 나므로 형제 여부에 관하여 이견이 있다,비류 비류왕 왕의 사반왕 사이 이상 연대 차이 형제 여부 이견 있다
비류왕(比流王), 삼국사기 에서 아버지로 지목하는 구수왕과 형으로 지목한 사반왕이 죽은 뒤 70년 만에 즉위하여 40년을 통치한다,삼국 삼국사기 국사 사기 아버지 지목 구수 구수왕 사반왕 즉위 통치
비류왕(比流王), 삼국사기 백제본기에 따르면 312년 음력 2월 신하를 보내 백성들의 질병과 고통을 살피고 홀아비 과부 고아 그리고 자식 없이 외롭게 지내는 노인들을 도와주었다,삼국 삼국사기 국사 사기 백제 백제본기 본기 음력 신하 백성 질병 고통 홀아비 과부 고아 자식 노인
비류왕(比流王), 그중에서도 스스로 생활할 수 없는 자에게는 곡식을 3섬씩 나누어주었다,그중 스스로 생활 곡식
비류왕(比流王), 병관좌평 에 해구 를 등용하였고 321년 정월에는 왕의 서제 우복 을 내신좌평 으로 삼았으나 우복이 327년 북한산성을 근거지로 반란을 일으켜 왕은 이를 토벌하였다,병관좌평 좌평 해구 등용 정월 왕의 서제 우복 내신 내신좌평 북한산성 북한 한산 산성 근거지 근거 반란 토벌
비류왕(比流王), 337년 봄 음력 2월에 신라에서 사신을 보내왔다,음력 신라 사신
비류왕(比流王), 344년 겨울 음력 10월 비류왕이 붕어하자 비류왕의 선대왕인 분서왕의 장자 계 가 왕위를 회복하여 12대 계왕이 되었다,겨울 음력 비류왕 비류 붕어 왕의 선대왕인 선대 대왕 왕인 분서 분서왕 장자 왕위 왕위를 회복 계왕
비류왕(比流王),일반적으로 비류왕의 즉위는 백제 왕실이 초고왕계로 변화된 것으로 이해된다,일반적 비류 비류왕 왕의 즉위 백제 왕실 초고 초고왕 초고왕계 왕계 변화 이해
비류왕(比流王), 비류왕 사후 계왕이 즉위하면서 잠시 고이왕계로 복귀하였으나 계왕이 2년만에 사망하고 근초고왕이 즉위하면서 초고왕계 왕실이 확립되었다고 본다,비류 비류왕 사후 계왕 즉위 고이왕 왕계 복귀 2년만 사망 근초고왕 초고 초고왕 초고왕계 왕실 확립
근초고왕(近肖古王),근초고왕은 왜의 야마토 왕조와 국교를 수립하고 칠지도 와 칠자경 을 보냈다,근초고왕 초고 초고왕 야마 야마토 왕조 국교 수립 칠지도 지도 칠자경 자경
근초고왕(近肖古王), 백제가 언제부터 야마토 왕조와 통교하고 있었는지는 정확하지 않으나 근초고왕에 이르러 양국 관계가 활기를 띤 것만은 분명하다,백제 언제 야마 야마토 왕조 통교 정확 근초고왕 초고 초고왕 양국 관계 활기 분명 하다
근초고왕(近肖古王), 주 1 364년 근초고왕은 가야의 부족국가 가운데 하나인 탁순국 위치 미상 에 사신을 파견하였으며 366년 3월에는사신을 보내 신라와 동맹을 맺고 탁순국 왕을 통해 야마토 왕조와 외교관계를 수립하려 하였다,근초고왕 초고왕 초고 가야 부족 부족국가 국가 가운데 하나 하나인 순국 위치 미상 사신 파견 신라 동맹 야마 야마토 왕조 외교 외교관계 관계 수립
근초고왕(近肖古王), 당시 야마토 왕조는 탁순국에 사신 시마노스구데를 파견하였다가 백제가 왜와 통교하기를 원한다는 말을 들었다,당시 야마 야마토 왕조 순국 사신 시마 시마노 파견 백제 통교
근초고왕(近肖古王), 그러자 시마노스구데는 근초고왕에게 부하 니하야를 파견하였다,시마 시마노 데는 근초고왕 초고 초고왕 부하 하야 파견
근초고왕(近肖古王), 근초고왕은 니하야를 반갑게 맞이하여 오색의 채견 1필 각궁의 화살 그리고 철정 40매를 선물로 안겨 돌려보냈으며 이듬해 367년 신라 사신 편에 구저 미주류 막고 를 딸려보냈다,근초고왕 초고 초고왕 하야 오색 채견 각궁 화살 철정 선물 이듬해 신라 사신 구저 주류
근초고왕(近肖古王), 주 2 3 이들이 함께 왜에 도착함으로써 백제와 야마토 사이에 국교가 수립되었다,왜에 도착 백제 야마 야마토 사이 국교 수립
근초고왕(近肖古王), 한편 근초고왕은 신라와의 외교도 중시하여 368년 명마 두필을 신라에 보내기도 했다 근초고왕 23년 ,한편 근초고왕 초고 초고왕 신라 와의 외교 중시 명마 기도
근초고왕(近肖古王), 이 부분의 본문은 여제 전쟁입니다,부분 본문 여제 전쟁
근초고왕(近肖古王),369년 9월 고구려 고국원왕이 군사 2만을 이끌고 치양성 황해도 배천군 구모로성 에 쳐들어왔다,고구려 고국원왕 국원 국원왕 군사 치양성 양성 황해도 배천 배천군 천군 구모
근초고왕(近肖古王), 그러자 근초고왕은 태자 근구수를 보내 고구려군을 크게 무찌르고 고구려군 5천여 명을 사로잡았다,근초고왕 초고 초고왕 태자 근구수 구수 고구려 고구려군 5천여
근초고왕(近肖古王), 삼국사기 에는 이때 고구려로 도망쳤다가 마음을 고쳐 돌아온 백제인 사기 가 제공한 고구려의 군사정보 덕분에 태자가 고구려군을 격퇴할 수 있었다고 적고 있다,삼국 삼국사기 국사 사기 이때 고구려 도망 마음 백제 백제인 제공 군사 군사정보 정보 덕분 태자 자가 고구려군 격퇴 있다
근초고왕(近肖古王), 371년에는 근초고왕이 태자 근구수와 함께 패수 예성강 4 에서 고구려군을 물리치고 옛 대방 현 황해도 대부분의 지역을 점령하였고 이어 여세를 몰아 평양성을 공격하여 고국원왕을 전사시켰다,근초고왕 초고왕 초고 태자 근구수 구수 패수 예성강 고구려 고구려군 대방 황해도 대부 대부분 부분 지역 점령 여세 평양성 양성 공격 고국원왕 국원왕 국원 전사
근초고왕(近肖古王), 김부식의 삼국사기 백제 개로왕본기에는 개로왕이 북위 에 보낸 표문이 기록되어 있는데 이때 태자 근구수가 고국원왕의 목을 베어 창에 꽃아 효수하였다 한다,김부식 삼국사기 삼국 국사 사기 백제 개로왕 개로왕본기 본기 북위 표문 기록 이때 태자 근구수 구수 고국원왕 국원 국원왕 왕의 효수
근초고왕(近肖古王),이로써 백제국은 작게는 지금의 경기도 충청도 전라도에서 크게는 강원도 황해도까지 퍼져 있던 마한 54개 부족국가 연맹체를 통일한 것은 물론 보다 강력한 고대 국가의 기반을 마련했다,이로 백제국은 백제 국은 지금 경기 경기도 기도 충청도 전라도 전라 라도 강원 강원도 황해도 마한 부족 부족국가 국가 연맹체 통일 물론 고대 기반 마련
근초고왕(近肖古王), 근초고왕은 이러한 영토 확장을 기반으로 한반도의 패권을 손에 넣을 수 있었고 더욱 강력한 왕권을 세움으로써 왕위의 부자 세습 제도를 확립하였다,근초고왕 초고 초고왕 영토 확장 기반 한반도 패권 왕권 왕위 위의 부자 세습 제도 확립
근초고왕(近肖古王),근초고왕은 백제 역사상 최초로 중국 사서에 이름이 기록된 왕으로 알려져 있다,근초고왕 초고 초고왕 백제 역사 역사상 사상 최초 중국 사서 이름 기록 있다
근초고왕(近肖古王), 진서 에 따르면 372년 음력 1월과 6월에 동진에 사신을 보내 조공하는 한편 5 일본서기 에 기록된 바와 같이 아직기와 왕인 두 학자를 왜에 파견하여 왜의 왕이 그들을 태자의 스승으로 삼기도 했다,진서 음력 동진 사신 조공 한편 일본 일본서기 서기 기록 기와 왕인 학자 왜에 파견 태자 태자의 자의 스승 기도
근초고왕(近肖古王), 왜왕에게 칠지도가 보내진 것도 이 무렵의 일이다,왜왕 칠지도 지도 도가 무렵
근초고왕(近肖古王), 근초고왕은 또한 왕실의 존귀함을 알리고 국가 체제를 굳건히 할 목적으로 박사 고흥에게 명하여 백제 왕실의 역사를 정리하게 함으로써 서기 가 저술되었으나 불행히도 지금은 남아있지 아니하다,근초고왕 초고 초고왕 왕실 존귀 국가 체제 목적 박사 고흥 백제 역사 정리 서기 저술 지금 하다
근초고왕(近肖古王), 일본서기 에 따르면 근초고왕이 철정 40매를 왜국에 보냈다고 기록되어 있어 왜는 근초고왕 재위 시에 가야와 백제로부터 철기를 수입했던 것으로 보인다,일본 일본서기 서기 근초고왕 초고 초고왕 철정 왜국 기록 재위 가야 백제 철기 수입
근구수왕(近仇首王),369년 태자 수 는 부왕 근초고왕과 함께 남방을 정벌하여 마한 54개국 가운데 4개국의 항복을 받아냈다,태자 부왕 근초고왕 초고 초고왕 남방 정벌 마한 54개국 4개국 개국 가운데 항복
근구수왕(近仇首王), 이 틈을 이용해 고국원왕 재위 331 371 이 보병과 기병 2만을 이끌고 치양성 황해도 배천 구 모로성 부근을 약탈하자 태자 수 가 군사를 이끌고 맞섰다,이용 고국원왕 국원 국원왕 재위 보병 기병 치양성 양성 황해도 배천 부근 약탈 태자 군사
근구수왕(近仇首王), 이때 근초고왕의 말 말굽을 상하게 한 죄로 고구려로 달아났던 사기 가 다시 백제에 투항하여 고구려 군사는 머리수만 채운 허세 이며 날래고 용감한 자들은 오직 붉은 깃발의 부대 뿐 이라고 고구려의 군사정보를 태자 수 에게 알려줌으로써 백제는 사기의 말대로 고구려의 적기부대 를 먼저 공격하여 고구려군을 크게 무찌르고 그 기세를 몰아 백제 수곡성까지 함락하였다,이때 근초고왕 초고왕 초고 왕의 말굽 고구려 사기 백제 투항 군사 머리 머리수 허세 깃발 부대 군사정보 정보 태자 기의 적기 적기부대 공격 고구려군 기세 수곡성 곡성 함락
근구수왕(近仇首王), 이에 만족하지 못한 태자 수 는 여세를 몰아 진격을 계속하고자했다,만족 태자 여세 진격 계속
근구수왕(近仇首王), 그러나 장군 막고해 가 조언하기를 일찍이 도가 의 말에 만족할 줄 알면 욕되지 않고 그칠 줄 알면 위태롭지 않다고 하였습니다,장군 조언 도가 만족
근구수왕(近仇首王), 지금 얻은 바도 많은데 어찌 기필코 더 많은 것을 구합니까 라고 노자 도덕경 의 내용을 인용하여 간하니 태자가 그 말을 옳게 여겨 추격을 멈추고 그곳에 돌을 쌓아 표지 를 만들었다,지금 도덕경 내용 인용 태자 자가 추격 그곳 표지
근구수왕(近仇首王), 태자는 그 위에 올라가 좌우를 돌아보며 지금 이후 누가 다시 여기에 이를 수 있을까 라고 말하였다,태자 좌우 좌우를 지금 이후 여기
근구수왕(近仇首王), 그곳에는 말발굽처럼 틈이 생긴 바위가 있어 태자의 말발굽 이라 불리기까지 하였다,그곳 말발굽 발굽 바위 태자 태자의 자의
근구수왕(近仇首王), 371년 고구려가 또 다시 침입하자 태자 수 는 부왕 근초고왕과 함께 군사를 패수에 매복시켜 고구려군을 격파하고 기세를 몰아 평양성까지 진격하여 고국원왕을 전사시켰다,고구려 침입 태자 부왕 근초고왕 초고왕 초고 군사 패수 매복 고구려군 격파 기세 평양성 양성 진격 고국원왕 국원왕 국원 전사
근구수왕(近仇首王),375년 11월 태자 수는 근초고왕의 붕어로 왕위에 오른다,태자 근초고왕 초고 초고왕 왕의 붕어 왕위
근구수왕(近仇首王), 이듬해 376년 장인 진고도 를 내신좌평 으로 삼았다,이듬해 장인 진고도 고도 내신 내신좌평 좌평
근구수왕(近仇首王), 이로부터 진 씨가가 최고의 권세를 가지게되었으며,이로 씨가가 가가 최고 권세 가지
근구수왕(近仇首王), 내정이 주로 진씨에게 맡겨졌다,내정 진씨
근구수왕(近仇首王),376년 고구려 소수림왕이 공세를 강화하여 11월 백제 변경을 공격해왔다,고구려 소수림왕 수림 수림왕 공세 강화 백제 변경 공격
근구수왕(近仇首王), 근구수왕은 대노하여 다음 해 377년 10월 3만 대군을 이끌고 평양성을 재차 공격하였으나 소수림왕의 방어를 뚫지 못하였고 그 해 11월 고구려의 보복 공격이 있었다,근구수 근구수왕 구수 구수왕 다음 대군 평양성 양성 공격 소수림왕 수림 수림왕 왕의 방어 고구려 보복
근구수왕(近仇首王), 전쟁은 치열했지만 양측다 이상기후가 겹치면서 제1차 여제전쟁은 사실상 끝이 났다,전쟁 치열 양측 이상 이상기후 상기 기후 여제 여제전쟁 사실 사실상
근구수왕(近仇首王),다음은 근구수왕대에 일어난 자연재해의 기록이다,다음 근구수 근구수왕 근구수왕대 구수 구수왕 왕대 일어 자연재해 기록
근구수왕(近仇首王),379년 4월에 하루 종일 흙이 비처럼 내렸다 ,하루 종일
근구수왕(近仇首王), 380년에 전염병이 크게 번졌다,전염병
근구수왕(近仇首王), 여름 5월에 큰 지진이 일어나 땅이 갈라져 깊이 다섯 장 너비 세 장이나 되었는데 삼일만에 합쳐졌다,여름 지진 진이 일어 다섯 너비 삼일 삼일만
근구수왕(近仇首王), 382년 봄에 가뭄이 들어 6월까지 계속되었다,가뭄 계속
근구수왕(近仇首王), 백성들이 굶주려 자식을 파는 자까지 있게 되었다,백성 자식
근구수왕(近仇首王),이에 대해 왕은 국가창고의 곡식을 풀어 백성들에게 나누어 주는 등의 조치를 취하였다,국가 국가창고 창고 곡식 백성 조치 취하
근구수왕(近仇首王), 삼국사기 백제본기 근구수왕기에는 379년 3월 동진에 조공하려 했으나 해상에서 폭풍을 만나 되돌아 왔다고 하는 기사가 수록되어 있고 양서 백제전에서는 동진 태원 년간 376년 396년 백제왕 수 가 중략 생구 노예 를 헌상 했다,삼국사기 삼국 국사 사기 백제본기 백제 본기 근구수 근구수왕 근구수왕기 구수 구수왕 왕기 동진 조공 해상 폭풍 기사 수록 양서 백제전 태원 년간 백제왕 제왕 중략 생구 노예 헌상
근구수왕(近仇首王), 고 기록되어있다,기록 있다
근구수왕(近仇首王),재위 10년째 되던 384년 4월에 붕어하였다,재위 붕어
침류왕(枕流王),동진과 동맹을 맺어 고구려에 적대적 기본 외교 자세를 취하였으며 384년 왕위에 오르자 7월에 동진에 조공하였다,동진 진과 동맹 맺어 고구려 적대적 기본 외교 자세 취하 왕위 조공
침류왕(枕流王), 이 해 음력 9월 동진 에서 호승 마라난타 가 들어왔고 이를 계기로 백제에 불교가 처음 전파되었다,음력 동진 호승 마라 마라난타 난타 계기 백제 불교 처음 전파
침류왕(枕流王), 2 삼국시대에 활약했던 승려들의 열전을 모아 놓은 해동고승전 에 의하면 소수림왕 때 승려 순도 가 평양성에 찾아왔고 이어 마라난타가 들어와 수차례 백제를 드나들며 불교를 전파하였는데 이때가 백제 침류왕 시대였다고 기록하고 있다,삼국시대 삼국 시대 활약 승려 열전 해동 해동고승전 동고 고승전 승전 소수림왕 수림 수림왕 순도 평양성 양성 마라난타 마라 난타 수차례 차례 백제 불교 전파 이때 침류왕 기록 있다
침류왕(枕流王),호승 마라난타 가 고행에서 돌아올 때면 침류왕은 성 밖까지 나와 그를 반가이 맞아들였으며 또한 그를 정중히 대하여 공양 하였다,호승 마라 마라난타 난타 고행 침류왕 아들 공양
침류왕(枕流王), 왕은 마라난타와 이야기를 주고받으며 자신을 낮추기를 꺼려하지 않았으며 불교를 널리 보급하고 숭상하였다,마라 마라난타 난타 이야기 자신 불교 보급 숭상
침류왕(枕流王), 재위 2년 385년 봄 음력 2월 한산 에 사찰을 창건하여 열 명의 백제 승려가 법사의 뜻을 따르게 하였다,재위 음력 한산 사찰 창건 명의 백제 승려 법사
침류왕(枕流王), 3 중략 중략 해동고승전 발췌재위 2년째인 385년 11월 붕어하였다,중략 해동 해동고승전 동고 고승전 승전 발췌 발췌재위 재위 붕어
침류왕(枕流王), 동생 진사왕이 왕위를 계승하였다,동생 진사 진사왕 왕위 왕위를 계승
진사왕(辰斯王),제14대 근구수왕의 둘째 아들이며 제15대 침류왕의 동생이다,근구수 근구수왕 구수 구수왕 왕의 둘째 아들 침류왕 동생
진사왕(辰斯王), 삼국사기 에 따르면 침류왕이 죽었을 때 태자의 나이가 어렸기 때문에 숙부인 진사가 즉위했다고 하며 일본서기 에는 진사가 왕위를 찬탈한 것으로 되어 있다,삼국사기 삼국 국사 사기 침류왕 태자 태자의 자의 나이 때문 숙부인 부인 진사 즉위 일본 일본서기 서기 왕위 왕위를 찬탈 있다
진사왕(辰斯王), 당시 백제는 근초고왕 346년 375년 재위 말년부터 시작된 고구려의 공격으로 긴장된 상태에 있었으므로 그는 즉위 직후인 386년에 15세 이상의 주민을 동원하여 관방 을 쌓게 했다,당시 백제 근초고왕 초고 초고왕 재위 말년 시작 고구려 공격 긴장 상태 즉위 직후 후인 이상 주민 동원 관방
진사왕(辰斯王),389년 고구려의 남쪽 변경을 공격하기도 했고 390년에는 달솔 진가모 를 시켜 고구려의 도곤성 을 함락하게 해 200명을 포로로 잡았다,고구려 남쪽 변경 공격 기도 달솔 진가 함락 포로
진사왕(辰斯王), 그러나 고구려의 광개토왕이 즉위하면서부터 백제는 수세에 몰렸다,고구려 광개토 광개토왕 즉위 백제 수세
진사왕(辰斯王), 391년 7월 광개토왕이 군사 4만 명을 거느리고 북쪽 변경의 석현성 등 10여 성을 함락시켰으나 진사왕은 광개토왕이 군사작전에 뛰어나다는 말을 듣고 맞서 싸우지 못했다,광개토 광개토왕 군사 북쪽 변경 경의 석현 현성 함락 진사 진사왕 군사작전 작전
진사왕(辰斯王), 10월에는 험준한 요새지인 관미성 마저도 함락당했다,요새 요새지 관미성 미성 함락
진사왕(辰斯王),391년에 궁실을 중수하고 연못과 산을 쌓는 등 무리한 토목공사를 일으켜 국력을 낭비하였으며 이로 인해 말갈과 고구려의 침입을 받았다,궁실 중수 연못 무리 토목 토목공사 공사 국력 낭비 이로 말갈 고구려 침입
진사왕(辰斯王), 392년 고구려의 광개토왕이 4만 병력으로 내습하여 한수 이북의 석현성 등 10여 개 성과 수많은 부락이 함락되었다,고구려 광개토 광개토왕 병력 내습 한수 이북 석현 현성 성과 부락 함락
진사왕(辰斯王), 또한 10월에는 북방의 중요 요새인 관미성을 함락당했다,북방 중요 요새 관미성 미성 함락
진사왕(辰斯王), 진사왕은 광개토왕이 군사를 부리는데 능하다는 말을 듣고 이 침입에 대응하지 않았으며 11월에는 구원 에서 사냥을 하다가 행궁에서 사망하였다,진사 진사왕 광개토 광개토왕 군사 부리 하다 침입 대응 구원 사냥 행궁 사망
진사왕(辰斯王),진사왕은 그해 구원 에 사냥을 나갔다가 행궁 에서 죽었다,진사 진사왕 그해 구원 사냥 행궁
진사왕(辰斯王), 그러나 일본서기에는 진사왕이 피살된 것으로 되어 있어 정치세력간의 갈등으로 죽임을 당한 것으로 보는 견해도 있다,일본 일본서기 서기 진사 진사왕 피살 정치 정치세력간 치세 세력 갈등 견해 있다
진사왕(辰斯王),침류왕의 아들인 아신은 숙부인 진사왕이 부왕의 죽음에 관련된 것으로 보고 반기를 들었다,침류왕 왕의 아들 아신 숙부인 부인 진사 진사왕 부왕 죽음 관련 반기
진사왕(辰斯王), 한편 일본서기에 의하면 일본 일왕의 정책에 협조하지 않아 일본에서 보낸 자객에 의해 암살당했다는 기사가 실려 있다,한편 일본 일본서기 서기 일왕의 왕의 정책 협조 자객 암살 기사 있다
진사왕(辰斯王), 이 기사에 따르면 의 이 왕위에 있으면서 의 에게 예의를 잃었으므로 기각숙례 우전시대숙례 석천숙례 목면숙례 를 파견하여 그 무례함을 책망하였다,기사 왕위 예의 기각 기각숙례 숙례 우전 우전시대숙례 전시 시대 석천 석천숙례 목면숙례 파견 무례 책망
진사왕(辰斯王), 이로 말미암아 에서는 을 죽여 사죄하였다,이로 사죄
진사왕(辰斯王), 고 한다,
진사왕(辰斯王), 일본서기는 기각숙례 등이 아화 아신왕의 별칭 를 왕으로 세우고 돌아왔다,일본 일본서기 서기 기각 기각숙례 숙례 아신 아신왕 신왕 왕의 별칭
진사왕(辰斯王), 고 적고 있다,있다
아신왕(阿莘王), 일본서기 에서는 아신이 태어난 날 밤 기이한 광채가 사방을 뒤덮었다고 한다,일본 일본서기 서기 아신 신이 광채 사방
아신왕(阿莘王), 침류왕이 죽었을 때 그의 나이가 어려 숙부인 진사왕이 대신 즉위하였으나 392년 진사왕이 죽자 뒤를 이어 왕위에 올랐다,침류왕 나이 숙부인 부인 진사 진사왕 대신 즉위 왕위
아신왕(阿莘王), 삼국사기와 삼국유사에 의하면 아버지 침류왕이 죽을 때 아신왕의 나이가 어렸으므로 숙부인 진사왕이 대신 왕위를 계승했다 한다,삼국 삼국사기 국사 사기 기와 삼국유사 유사 아버지 침류왕 아신왕 아신 신왕 왕의 나이 숙부인 부인 진사 진사왕 대신 왕위 왕위를 계승
아신왕(阿莘王), 그러나 일본서기에 의하면 아신이 군사를 일으켜 진사왕을 제거하고 즉위했다 한다,일본 일본서기 서기 아신 신이 군사 진사 진사왕 제거 즉위
아신왕(阿莘王),즉위한 직후인 393년 아신왕은 고구려에게 빼앗긴 영토를 회복하기 위해 장군 진무 를 좌장으로 삼고 군사를 맡겼다,즉위 직후 후인 아신 아신왕 신왕 고구려 영토 회복 장군 진무 좌장 군사
아신왕(阿莘王), 진무는 1만의 병력으로 고구려가 점령한 관미성을 공격하였으나 고구려군이 굳게 지키고 보급이 여의치 않아 퇴각하였다,진무 병력 고구려 점령 관미성 미성 공격 고구려군 보급 퇴각하 각하
아신왕(阿莘王), 394년 395년에도 수곡성과 패수 등의 국경지대에서 고구려군과 싸웠으나 번번이 패배하였으며 이후에도 군사를 정비하고 쌍현성을 쌓는 등 전시 체제를 계속 유지하였다,수곡성 곡성 성과 패수 국경 국경지대 지대 고구려 고구려군 패배 이후 군사 정비 쌍현성 현성 전시 체제 계속 유지
아신왕(阿莘王), 398년에 고구려 정벌을 시도하였으나 천문이 불길하다는 이유로 중지하였고 이듬해에도 정벌을 위해 군사를 징발하여 계속되는 군역에 고단한 백성들이 신라로 도망하는 경우가 많아 인구가 감소하였다고 한다,고구려 정벌 시도 천문 불길하다 불길 하다 이유 중지하 이듬해 군사 징발 계속 군역 백성 신라 도망 경우 인구 감소
아신왕(阿莘王), 400년에는 백제가 가야 왜군과 연합하여 신라를 공격하지만 신라를 구원하러온 광개토대왕에게 패한다,백제 가야 왜군 연합 신라 공격 구원 광개토 광개토대왕 대왕
아신왕(阿莘王), 광개토대왕릉비에 쓰여있다,광개토 광개토대왕 광개토대왕릉비 대왕 대왕릉 왕릉 있다
아신왕(阿莘王), 6년 397년 여름 5월 임금이 왜국 과 우호 관계를 맺고 태자 전지 를 볼모로 보냈다,여름 임금 왜국 우호 관계 태자 전지 볼모
아신왕(阿莘王), 가을 7월 한수 남쪽에서 대대적으로 군대를 사열하였다,가을 한수 남쪽 대대적 군대 사열
아신왕(阿莘王), 1 402년에도 사신을 보내고 이듬해 답사를 받는 등 친밀한 관계를 유지하였다,사신 이듬해 답사 친밀 관계 유지
아신왕(阿莘王), 403년에는 신라를 공격하였으나 패배하였고 404년에는 왜군과 연합해 고구려의 대방지역을 공격하였으나 그 때마다 패해 달아났다,신라 공격 패배 왜군 연합 고구려 대방 대방지역 지역
아신왕(阿莘王), 왜군과 우호적인 관계를 맺은 것은 고구려를 공격하기 위한 청병사와 비슷한 것이었다,왜군 우호 우호적 관계 고구려 공격 청병사 병사
아신왕(阿莘王), 2 405년에 사망하였다,사망
전지왕(@支王), 삼국사기 의 아신왕 전지왕 본기에 의하면 394년 아신왕 3년 에 태자에 책봉되었고 아신왕이 죽고 아신왕의 첫째동생 부여훈해가 섭정을 맡고 있었는데 백제 왕실에서 내분이 일어났다고 한다,삼국사기 삼국 국사 사기 아신왕 아신 신왕 전지왕 전지 본기 태자 책봉 왕의 첫째동생 첫째 동생 부여훈 부여 부여훈해 섭정 백제 왕실 내분 일어
전지왕(@支王), 일본에서 귀국하는 도중에 전지왕은 신하 해충 에게서 백제에서 내분이 일어난 것을 알고 섬에서 잠시 머물렀다,일본 귀국 도중 전지 전지왕 신하 해충 백제 내분 일어
전지왕(@支王), 그 뒤 해씨 세력은 백제에서 섭정 부여훈해를 시해하고 후임 섭정을 사칭하여 내분을 일으킨 부여설례 아신왕의 막내아우 를 죽이면서 전지왕을 즉위시키고 그 이후에 전지왕이 백제에 들어온 것으로 파악된다,해씨 세력 백제 섭정 부여 부여훈 부여훈해 시해 후임 사칭 내분 부여설례 설례 아신 아신왕 신왕 왕의 막내아우 막내 아우 전지 전지왕 즉위 위시 이후 파악
전지왕(@支王),이복 동생인 부여신 등 다른 형제들이 몇 명 더 존재하였다,이복 동생 부여 부여신 형제 존재
전지왕(@支王), 일본서기와 속일본기에 의하면 그는 아신왕 재위 중 일본에 보내졌다 한다,일본 일본서기 서기 기와 속일본기 일본기 본기 아신 아신왕 신왕 재위
전지왕(@支王), 일본서기 제10권 오진 천황조에 의하면 405년 9월 아화왕 아신왕 이 서거하다,일본 일본서기 서기 제10권 오진 천황 천황조 화왕 아신 아신왕 신왕 서거 하다
전지왕(@支王), 천황이 직지 전지 왕자를 불러 이르기를 그대는 백제로 돌아가 왕위를 계승하라,천황 직지 전지 왕자 그대 백제 왕위 왕위를 계승
전지왕(@支王), 고 하였다,
전지왕(@支王), 2 한다,
전지왕(@支王), 그는 오오진 천황이 내준 왜의 군사들을 대동하고 귀국 설례 일파를 제거하고 16세에 왕위에 올랐다,오오진 오진 천황 군사 대동 귀국 설례 일파 제거 왕위
전지왕(@支王), 이 부분이 아직기가 전지왕이라는 근거이기도 하다,부분 기가 전지 전지왕 근거 기도 하다
전지왕(@支王),전지왕은 즉위하고 나서 자신에게 도움을 준 해충을 섭정으로 임명했고 1년 후인 406년 전지왕 2 섭정 해충을 달솔 로 임명했으며 한성의 벼 1천 석을 하사했고 408년부터 친정 체제를 시작하였다,전지 전지왕 즉위 자신 도움 해충 섭정 임명 후인 달솔 한성 하사 친정 체제 시작
전지왕(@支王),또한 이듬해인 407년 전지왕 3 에는 이복동생인 부여신 을 내신좌평 에 임명하는 한편 해씨 가문의 해수 와 해구 를 각각 내법좌평 병관좌평 에 임명하였다,이듬해인 이듬해 전지왕 전지 이복 이복동생 동생 부여 부여신 내신 내신좌평 좌평 임명 한편 해씨 가문 해수 해구 내법좌평 내법 병관좌평
전지왕(@支王),408년 전지왕 4 부여신에게 새로운 관직인 상좌평 을 겸하게 하여 해씨 세력을 견제하도록 했다,전지 전지왕 부여 부여신 관직 관직인 직인 상좌평 좌평 해씨 세력 견제
전지왕(@支王), 3 417년 전지왕 13 7월에는 동부와 북부 2부의 15세 이상 되는 사람들을 징발하여 사구성 을 쌓게 하고 병관좌평인 해구를 시켜 이 일을 감독하게 하였다,전지 전지왕 동부 북부 이상 사람 징발 사구성 구성 병관좌평 좌평 해구 감독
전지왕(@支王),420년 전지왕 16 3월에 향년 31세로 죽었고 아들 구이신왕이 즉위하였다,전지 전지왕 향년 아들 구이 구이신왕 신왕 즉위
전지왕(@支王), 일본서기 에는 아신왕이 죽자 직지왕 이 일본에서 귀국하여 즉위했다는 기록이 있어 아직기가 전지왕이라는 학설도 존재한다,일본 일본서기 서기 아신 아신왕 신왕 직지 직지왕 귀국 즉위 기록 기가 전지 전지왕 학설 존재
구이신왕(久爾辛王),아버지인 부여영 이 해충 을 만나 설례의 반란 소식을 듣고 서해의 섬에서 잠시 머물렀을 때 태어난 것으로 추정된다,아버지 부여 부여영 해충 설례 반란 소식 서해 추정
구이신왕(久爾辛王), 1 삼국사기 에는 즉위하고 죽은 기록 외에 다른 기록은 존재하지 않으나 송서 백제전에서는 송 태조 유의륭 이 원가 2년 425년 에 백제왕이 매년마다 조공을 하여 왕의 충절을 현창한 것 및 매년 조공을 하러 왔던 일에 대한 기록이 남아 있다,삼국 삼국사기 국사 사기 즉위 기록 존재 송서 백제 백제전 태조 원가 백제왕 제왕 조공 왕의 충절 현창 있다
구이신왕(久爾辛王), 일본서기에는 목만치라는 사람이 고려 목종 대의 천추태후와 비슷한 난정을 벌였고 결국 비유왕이 반정을 일으켜 목만치 세력을 제거했다고 되어있다,일본서기 일본 서기 목만 사람 고려 목종 대의 천추 천추태후 태후 난정 결국 비유왕 유왕 반정 세력 제거 있다
구이신왕(久爾辛王), 구이신왕은 반정 중 목만치 또는 비유왕 두 세력 중 누군가가 살해했을 것이라고 추측된다,구이 구이신왕 신왕 반정 목만 비유왕 유왕 세력 누군가 가가 살해 추측
비유왕(毗有王),비유왕은 구이신왕의 장남이다,비유왕 유왕 구이 구이신왕 신왕 왕의 장남
비유왕(毗有王), 삼국유사에 의하면 구이신왕의 장남이라 하고 삼국사기에는 구이신왕의 장남이라는 설과 전지왕 의 서자라는 설이 있지만 전지왕 서자 설은 분명치 않다고 기록하고 있다,삼국유사 삼국 유사 구이 구이신왕 신왕 왕의 장남 삼국사기 국사 사기 설과 전지 전지왕 서자 분명 기록 있다
비유왕(毗有王), 일본서기에는 구이신왕의 아들로 등장한다,일본 일본서기 서기 구이 구이신왕 신왕 왕의 아들 등장
비유왕(毗有王), 일본의 신찬성씨록에 의하면 백제 비유왕을 시조로 받드는 성씨로는 불파련 씨와 비조호조 씨가 있다 한다,일본 신찬 찬성 찬성씨록 성씨 백제 비유왕 유왕 시조 비조 비조호조 호조 있다
비유왕(毗有王), 일본에서는 그를 비유왕 또는 곤유왕 피류왕으로도 부른다,일본 비유왕 유왕
비유왕(毗有王),구이신왕이 반란중 죽자 왕위에 올랐다,구이 구이신왕 신왕 반란 반란중 왕위
비유왕(毗有王),429년 비유왕 3년 남조의 송나라에 조공 하였고 상좌평 부여신 이 죽자 전지왕 때의 외척이었던 해 씨 가문의 해수 를 새로운 상좌평으로 임명했다,비유왕 유왕 남조 남조의 조의 송나라 나라 조공 상좌평 좌평 부여 부여신 전지 전지왕 외척 가문 해수 임명
비유왕(毗有王),이듬해인 430년 비유왕 4년 에는 송나라가 전지왕에게 내렸던 작위를 계승하는 것이 허락이 되었고 사지절 도독 백제제군사 진동대장군 백제왕 으로 책봉이 되었다,이듬해인 이듬해 비유왕 유왕 송나라 나라 전지왕 전지 작위 계승 허락 사지 사지절 도독 백제 제제 군사 진동 진동대장군 대장군 장군 백제왕 제왕 책봉
비유왕(毗有王),433년 비유왕 7년 신라에 사자를 보내 화친을 요청해 선물의 교환을 통해서 양국의 수호가 성립하여 120년 뒤인 553년 성왕 31년 신라의 진흥왕에게 배신당하기 전까지 동맹 관계가 이어지게 되었다,비유왕 유왕 신라 사자 화친 요청 선물 교환 양국 수호 성립 성왕 진흥 진흥왕 배신 동맹 관계
비유왕(毗有王), 이와 같이 중국 남조 송나라 신라 왜국의 협조 체제를 가지고 북조 북위와 연결한 고구려에 대항하는 태세로 만들었지만 455년 9월에 사망했다,중국 남조 송나라 나라 신라 왜국 협조 체제 가지 북조 북위 연결 고구려 대항 태세 사망
개로왕(蓋鹵王),비유왕의 아들로 부왕 사후 즉위하였다,비유왕 유왕 왕의 아들 부왕 사후 즉위
개로왕(蓋鹵王), 삼국사기 는 455년에 즉위하였다고 했고 일본서기 는 백제신찬 의 기사를 인용하여 기사년 429년 에 즉위하였다고 기록해 양자가 차이를 보이는데 단순히 일본서기 기록의 오류로 보기도 하지만 왕의 즉위가 다소 불안정한 것이었음을 보여주는 것으로 여겨진다,삼국사기 삼국 국사 사기 즉위 일본서기 일본 서기 백제신찬 백제 신찬 기사 인용 기사년 기록 양자 자가 차이 오류 기도 왕의 불안정 불안 안정 여주
개로왕(蓋鹵王), 아울러 일본서기 는 429년에 왜에서 백제의 왕녀를 구하자 모니부인 의 딸을 꾸며 적계여랑 이라 하여 왜왕에게 바쳤다고 한다,일본 일본서기 서기 왜에 백제 제의 왕녀 모니 모니부인 부인 적계여랑 여랑 왜왕
개로왕(蓋鹵王), 삼국사기 는 비유왕이 죽은 지 한 달만인 455년 10월에 고구려가 백제를 침공하였고 이때 신라의 눌지왕 이 군사를 보내 구원하였다고 적고 있다,삼국사기 삼국 국사 사기 비유왕 유왕 달만인 만인 고구려 백제 침공 이때 신라 눌지왕 군사 구원 있다
개로왕(蓋鹵王), 1 안정복 은 동사강목 에서 이를 나제동맹이 본격적으로 발휘되기 시작한 첫 사례임을 지적하였다,안정 안정복 동사 동사강목 강목 동맹 본격적 발휘 시작 사례 사례임 지적
개로왕(蓋鹵王),한편 중국의 송서 이만열전에는 개로왕 4년인 458년 8월에 송 에 사신을 보내 행관군장군 우현왕 여기 등 11인의 문무가 뛰어나고 충성스러우며 근면함 을 말하면서 3품 관직의 제수를 청했다는 기록이 나온다,한편 중국 송서 열전 개로왕 사신 행관군장군 관군 관군장군 장군 우현왕 현왕 여기 11인의 인의 문무 충성 근면함 근면 관직 제수 기록
개로왕(蓋鹵王), 이때 관직을 제수받은 11인 가운데 8인은 여 씨 즉 부여씨로 백제 왕족의 성씨를 지닌 자였으며 이것은 개로왕이 추구했던 왕족 중심의 집권체제를 보여줌과 동시에 귀족들의 반발과 지배층의 분열을 일으켜 후에 문주왕이 귀족인 해구에게 살해되는 복선이 되기도 하였다,이때 관직 제수 가운데 8인은 인은 부여 부여씨 여씨 백제 왕족 성씨 이것 개로왕 추구 중심 집권 집권체제 체제 동시 귀족 반발 지배층 지배 분열 문주왕 해구 살해 복선 기도
개로왕(蓋鹵王),개로왕이 관직 수여를 청한 왕족 가운데 행정로장군 좌현왕 이 된 여곤 은 곤지 와 동일인물로 추정되고 있다,개로왕 관직 수여 왕족 가운데 행정 행정로장군 정로 장군 좌현왕 현왕 곤지 동일인물 동일 인물 추정 있다
개로왕(蓋鹵王), 부여곤지는 개로왕 5년인 459년에 왕명으로 왜로 파견되는데 일본서기 대체로 곤지가 어떤 이유로 축출당한 것으로 보인다,부여 부여곤지 곤지 개로왕 왕명 파견 일본 일본서기 서기 대체 이유 축출
개로왕(蓋鹵王), 이때 곤지는 개로왕에게 왕의 부인을 줄 것을 청했고 개로왕은 그 말을 들어주면서 부인이 지금 임신하여 산달이 가까웠으니 가는 길에 해산하거든 어디에서든 본국으로 돌려보내라 고 명했고 이는 부여사마 무령왕 의 탄생 복선이 된다,이때 곤지 개로왕 왕의 부인 지금 임신 신하 산달 해산 어디 본국 부여사마 부여 사마 무령왕 무령 탄생 복선
개로왕(蓋鹵王),15년 469년 부터 개로왕은 고구려의 남쪽 변경을 공격하게 하고 쌍현성 을 수리하고 청목령 에 목책을 쌓아 북한산성 의 군사를 보내 지키게 하는 등 고구려에 대한 견제책을 펼쳤다,개로왕 고구려 남쪽 변경 공격 쌍현성 현성 수리 청목령 목책 북한 북한산성 한산 산성 군사 견제 견제책
개로왕(蓋鹵王),18년 472년 에는 관군장군 부마도위 불사후 장사 여례 와 용양장군 대방태수 사마 장무 를 위 에 사신으로 보냈는데 그 목적은 고구려와 전쟁을 벌여달라고 요청하는 것이었다,관군 관군장군 장군 부마 불사 불사후 사후 장사 여례 용양장군 대방 대방태수 태수 사마 장무 사신 목적 고구려 전쟁 요청 청하
개로왕(蓋鹵王), 위서 백제전 및 삼국사기 백제본기에 당시 개로왕이 보낸 국서가 실려 있는데 백제가 보낸 국서는 유교적인 수사와 경전의 글귀를 여기저기에서 활용하고 있어 당시 백제의 유교 수용상황과 수준을 짐작하게 하는 사례로 거론되며 조선 초의 동문선 에도 백제상위주청벌고구려표 라는 제목으로 수록되었다,위서 백제전 백제 삼국사기 삼국 국사 사기 백제본기 본기 당시 개로왕 국서 유교 수사 경전 글귀 여기저기 여기 활용 제의 수용상황 수용 상황 수준 짐작 사례 거론 조선 초의 동문선 백제상위주청벌 위주 청벌 고구려 고구려표 제목 수록
개로왕(蓋鹵王), 국서 속에서 개로왕은 고구려의 정세를 두고 지금 연 장수왕 은 죄가 있어 나라가 어륙 이 되어 대신과 힘센 귀척들을 마구 죽이기를 서슴치 않으니 죄가 차고 악이 쌓여 백성들은 무너지고 흩어졌다 고려 고구려 는 의롭지 못하여 거스르고 속이는 짓이 한두 가지가 아닌데 겉으로는 번국인 척 말을 낮추고 있지만 속으로는 흉악한 재앙과 저돌적인 행위를 품어 남쪽으로 유씨 송 와 내통하고 혹은 북쪽으로 연연 과 맹약하여 서로 입술과 이처럼 의지하면서 왕법 북위 을 능멸하려 한다 고 하여 당시 고구려의 내부 상황이 무척 혼란스러움을 전하고 또한 경진년 440년 무렵 경진년은 비유왕 14년으로 이 해 겨울 10월에 백제가 송에 사신을 보낸 일이 있다 백제 서쪽 국경의 소석산북국 바다에서 시체 10여 구를 발견한 사실과 함께 그 시체가 갖추고 있던 의복과 기물 과 안장 과 굴레 등을 들어 위의 사신이 백제로 오던 길에 고려에 의해 살해된 것이라고 주장하고 있다,국서 개로왕 고구려 정세 두고 지금 장수왕 장수 나라 대신 신과 힘센 귀척 백성 고려 가지 번국 국인 흉악 재앙 저돌적 행위 남쪽 유씨 내통 북쪽 연연 맹약 입술 의지 왕법 북위 능멸 당시 내부 상황 혼란 경진 경진년 진년 무렵 비유왕 유왕 겨울 백제 사신 있다 서쪽 국경 경의 소석산북국 석산 북국 바다 시체 발견 사실 의복 기물 안장 굴레 위의 신이 살해 주장
개로왕(蓋鹵王),그러나 당시 위의 현조 는 소안 을 사신으로 백제에 답변을 전달했지만 그 내용은 1 백제에 보냈던 사신이 아직 돌아오지 않고 있긴 하지만 백제에서 사신의 것이라며 보내온 기물들은 조사 결과 중국의 것이 아니며 2 고구려는 이미 위에 조공을 보내고 국교를 맺은 지가 오래되었고 위에 드러날 정도로 잘못한 것이 없으며 3 이번에 처음 사신을 보내면서 군사를 일으켜달라고 요청하는 것은 곤란하다 는 점을 들어 백제의 요청을 거절하는 것이었다,당시 위의 현조 소안 사신 백제 답변 전달 내용 신이 신의 기물 조사 결과 중국 고구려 조공 국교 정도 잘못 이번 처음 군사 요청 청하 곤란 곤란하다 하다 제의 거절
개로왕(蓋鹵王), 아울러 이 국서를 전달하는 임무를 맡았던 소안은 고구려를 경유하여 백제로 가려 했지만 장수왕의 거절로 길이 막혀 백제로 가지 못했으며 다시 바다를 통해 백제로 들어가려다 결국 도착하지 못하고 돌아와야 했다,국서 전달 임무 소안 고구려 경유 백제 장수 장수왕 왕의 거절 가지 바다 결국 도착
개로왕(蓋鹵王), 위에 대한 군사 지원 요청이 제대로 이루어지지 못하자 개로왕은 위와의 국교를 아예 끊어버리고 말았다 삼국사기 ,군사 지원 요청 제대 지지 개로왕 와의 국교 삼국 삼국사기 국사 사기
개로왕(蓋鹵王),무리한 토목 공사와 권위는 백성들의 원망을 사기에 충분하였으며 이는 삼국사기 의 도미 설화에도 잘 나타나 있다,무리 토목 공사 권위 백성 원망 사기 삼국 삼국사기 국사 도미 설화 있다
개로왕(蓋鹵王),3년 뒤인 475년 고구려의 공격으로 백제의 위례성은 함락되고 개로왕도 처형되었다,고구려 공격 백제 제의 위례 위례성 함락 개로왕 처형
개로왕(蓋鹵王), 삼국사기 에는 고구려에서 첩자로 보낸 승려 도림의 진언에 따라 왕성의 성곽과 궁실 누각 활 쏘는 사대 를 짓고 선왕의 능묘를 수리하는 과정에서 무리한 토목공사로 인해 국고가 고갈되고 백성들이 곤궁에 빠졌고 이를 틈타 쳐들어온 고구려군에 의해 수도가 함락되고 개로왕 자신도 죽음을 맞았다고 한다,삼국사기 삼국 국사 사기 고구려 첩자 자로 승려 도림 진언 왕성 성곽 궁실 누각 사대 선왕 왕의 능묘 수리 과정 무리 토목공사 토목 공사 국고 고갈 백성 곤궁 고구려군 수도 도가 함락 개로왕 자신 죽음
개로왕(蓋鹵王), 고구려군이 처음 공격해오자 개로왕은 왕자 문주 를 남쪽으로 도피시키고 한성 이 함락되기 직전에 수십 기 를 거느리고 성을 빠져나왔지만 고구려군의 재증걸루 고이만년 두 장수에게 붙잡혀 아차산 아래로 끌려가 피살되었는데 2 두 사람에 대해 삼국사기 는 원래 백제인으로 죄를 지어 고구려로 도망친 자라고 설명하고 있다,고구려 고구려군 처음 공격 오자 개로왕 왕자 남쪽 도피 한성 함락 직전 수십 고구려군의 군의 재증걸 만년 장수 아차산 아래 피살되었는데 피살 사람 삼국사기 삼국 국사 사기 원래 백제인 백제 도망 설명 있다
개로왕(蓋鹵王), 일본서기 유랴쿠 5년조는 이때 백제가 고구려에 의해 아예 멸망당하였으며 백제기 의 고니키시 및 오오키사키 고니세시무 등이 모조리 적의 손에 죽었다 라는 기록을 인용하고 이때 멸망한 백제를 왜왕이 다시 일으켜 세워주었다는 뉘앙스로 서술하고 있다,일본서기 일본 서기 유랴쿠 랴쿠 이때 백제 고구려 멸망 백제기 제기 고니키시 고니 시무 적의 기록 인용 왜왕 뉘앙스 서술 있다
문주왕(文周王),문주왕의 성격은 삼국사기 에 의하면 성품이 부드러워 결단력이 부족하였으나 백성을 사랑하였고 백성 또한 그를 사랑했다고 기록되어 있다,문주왕 왕의 성격 삼국 삼국사기 국사 사기 성품 결단력 부족 백성 사랑 기록 있다
문주왕(文周王), 2 개로왕의 태자가 되었으며 즉위하기 직전에는 부왕 개로왕으로부터 상좌평에 임명되어 정사에 참여하였다,개로왕 왕의 태자 자가 즉위 직전 부왕 상좌평 좌평 임명 정사 참여
문주왕(文周王),475년 고구려가 군사를 일으켜 한성을 공격하자 문주는 개로왕의 명을 받아서 신라에 가서 원병을 요청하였다,고구려 군사 한성 공격 개로왕 왕의 신라 원병 요청 청하
문주왕(文周王), 군사 1만명과 함께 돌아와 고구려의 군대가 물러갔으나 수도 한성이 파괴되었다,군사 1만명 고구려 군대 대가 수도 한성 파괴
문주왕(文周王), 일설에는 개로왕이 자신의 죽음을 예견하고 문주왕을 피신시킨 것이라는 설도 있다,일설 개로왕 자신 신의 죽음 예견 문주왕 피신 있다
문주왕(文周王), 개로왕이 죽자 뒤를 이어 즉위하였다,개로왕 즉위
문주왕(文周王),475년 음력 10월 수도를 한성에서 웅진으로 옮겼다,음력 수도 한성 웅진
문주왕(文周王), 476년 여름 4월 탐라국에서 토산물을 바쳐오자 왕이 기뻐하여 그 탐라국 사신을 보답으로 은솔 3 로 임명하였다,여름 탐라 탐라국 토산물 오자 사신 보답 은솔 임명
문주왕(文周王), 탐라왕에게 백제의 높은 벼슬인 좌평 4 으로 임명하였다,탐라 탐라왕 백제 제의 벼슬 좌평 임명
문주왕(文周王),부여족 계통의 지배세력들은 남쪽의 마한 세력에게 도전을 받고 귀족 통제에 실패한 문주왕은 결국에는 477년 당시 정권을 장악했던 병권좌평 해구의 쿠데타에 의해 암살을 당했다,부여족 부여 계통 지배세력 지배 세력 남쪽 마한 도전 귀족 통제 실패 문주왕 결국 당시 정권 장악 병권 병권좌평 좌평 해구 쿠데타 암살
문주왕(文周王), 그의 뒤는 왕족들의 추대를 받은 아들 삼근왕이 무난히 계승하였다,왕족 추대 아들 삼근왕 계승
삼근왕(三斤王),문주왕의 맏아들로 문주왕이 병관좌평 해구 의 쿠데타에 의해 시해되자 13세에 즉위하였다,문주왕 왕의 맏아들 아들 병관좌평 좌평 해구 쿠데타 시해 즉위
삼근왕(三斤王), 그러나 전지왕의 외척이자 세력가였던 좌평 해구 가 쿠데타를 일으켜 섭정으로 사실상의 실권을 장악하였다,전지 전지왕 왕의 외척 외척이자 이자 세력 세력가 좌평 해구 쿠데타 섭정 사실 사실상 실권 장악
삼근왕(三斤王),478년 봄에 좌평 해구가 은솔 연신 과 함께 왕위를 찬탈하려고 대두성 을 근거지로 하여 반란을 일으키자 왕은 좌평 진남 에게 군사 2000을 주어 대두성을 공격하고 덕솔 진로 에게 군사 500명을 주어 해구를 추격해 죽이게 했다,좌평 해구 은솔 연신 왕위 왕위를 찬탈 대두 대두성 근거 근거지 반란 진남 군사 공격 덕솔 진로 추격
삼근왕(三斤王), 진남과 진로에 의해 해구의 난이 평정되었으나 왕위는 불안정하였다,진남 진남과 남과 진로 해구 난이 평정 왕위 불안 불안정 안정
삼근왕(三斤王), 그리고 공모자인 연신이 고구려로 도주하자 연신의 3족을 멸해 거리에 매달았다,공모자 자인 연신 연신이 신이 고구려 도주 주하 연신의 신의 거리
삼근왕(三斤王),재위 3년인 479년 봄과 여름에는 가뭄이 매우 심했고 11월에 갑자기 의문의 죽임을 당했다,재위 여름 가뭄 자기 의문
삼근왕(三斤王), 당시 해구의 반란을 토벌한 것은 한성시대 이래의 또다른 귀족세력 출신인 진씨 세력이었는데 해구의 반란이 평정된 다음해 삼근왕이 죽은 것을 진씨세력의 정치적 변란의 결과로 보는 견해도 있다,당시 해구 반란 토벌 한성 한성시대 시대 이래 귀족 귀족세력 세력 출신 신인 진씨 평정 다음해 다음 삼근왕 진씨세력 정치 정치적 변란 결과 견해 있다
삼근왕(三斤王), 바로 일본에서 온 곤지의 아들 모대가 동성왕으로 즉위했다,일본 곤지 아들 모대 대가 동성왕 성왕 즉위
동성왕(東城王),동성왕의 본명은 모대 또는 여대 마모이고 일본의 일본서기와 속일본기에는 말다로 기록되어 있다,동성왕 성왕 왕의 본명 모대 여대 일본 일본서기 서기 기와 속일본기 일본기 본기 기록 있다
동성왕(東城王), 삼국사기와 삼국유사에는 동성왕은 전지왕의 손자로 개로왕의 동생 곤지의 아들이다,삼국사기 삼국 국사 사기 기와 삼국유사 유사 동성왕 성왕 전지왕 전지 왕의 손자 자로 개로왕 동생 곤지 아들
동성왕(東城王), 일본의 일본서기에도 동성왕은 곤지의 아들이라 한다,일본 일본서기 서기 동성왕 성왕 곤지 아들
동성왕(東城王), 모후의 이름은 전하지 않는다,모후 이름
동성왕(東城王),일본에서 체류하다 사촌 삼근왕이 살해되자 아버지 곤지에 의해 백제로 보내져 즉위하였다,일본 체류 체류하다 하다 사촌 삼근왕 살해 아버지 곤지 백제 즉위
동성왕(東城王), 동성왕은 삼국사기 의 기록에 따르면 481년 동성왕 3년 에 신라의 북쪽 변경을 침공한 고구려와 말갈의 연합군을 신라 및 가야와 연합하여 격퇴했으며 484년 동성왕 6년 에는 중국 남조 의 남제에도 사신을 보내고자 시도하고 이듬해인 485년 동성왕 7년 에는 신라에도 사신을 보내는 등 외교에도 힘을 쏟았다,동성왕 성왕 삼국 삼국사기 국사 사기 기록 신라 북쪽 변경 침공 고구려 말갈 연합군 연합 가야 격퇴 중국 남조 남제 사신 시도 이듬해 이듬해인 외교
동성왕(東城王),488년 동성왕 10년 백제를 침공한 북위의 기병을 사법명 등을 시켜 격퇴했으며 493년 동성왕 15년 신라의 왕녀를 맞이하여 왕비로 삼고 494년 동성왕 16년 과 495년 두 해에 걸쳐 백제와 신라를 번갈아 침공해오는 고구려의 군대를 신라와 연합해 격퇴하는 등 신라와의 동맹을 더욱 돈독히 다졌다,동성왕 성왕 백제 침공 북위 위의 기병 법명 격퇴 신라 왕녀 왕비 침공해 공해 고구려 군대 연합 와의 동맹
동성왕(東城王), 498년에 공물과 세금을 바치지 않는 탐라국 지금의 제주도 을 친히 정벌하고자 무진주 지금의 광주 에 이르렀다가 탐라국의 항복을 받고 그만두면서 탐라국을 복속시켰다,공물 세금 탐라 탐라국 지금 제주 제주도 정벌 무진주 광주 이르렀다 항복 복속
동성왕(東城王), 1 웅진 천도 이후 계속된 혼란을 수습하는데 많은 업적을 남겼지만 말기에 이르러서는 점차 향락에 빠져 정치를 돌보지 않으며 놀기만 했다,웅진 천도 이후 계속 혼란 수습 업적 말기 향락 정치
동성왕(東城王), 499년 동성왕 21년 가뭄이 들어 백성들이 굶주려 죽어나가자 궁궐의 창고를 열어서 백성들을 구제하자는 신하들의 권고도 받아들이지 않고 500년 동성왕 22년 봄에 웅진성 동쪽에 임류각 을 짓고 사치스러운 정원을 만들었다,동성왕 성왕 가뭄 백성 궁궐 창고 구제 신하 권고 고도 아들 웅진 웅진성 동쪽 사치 정원
동성왕(東城王), 또한 신하들이 간언하는 것을 귀찮아하며 궁궐의 문까지 닫아버릴 정도로 사치와 향락을 일삼았다,신하 간언 궁궐 정도 사치 향락
동성왕(東城王),삼국사기와 삼국유사에 의하면 501년 동성왕 23년 겨울 음력 11월 사냥을 나갔다가 폭설을 만나 근처에서 머무르던 중 왕의 정책에 반발을 한 위사좌평 백가 가 쿠데타를 일으켜 병사들에게 시해당했다,삼국사기 삼국 국사 사기 기와 삼국유사 유사 동성왕 성왕 겨울 음력 사냥 폭설 근처 왕의 정책 반발 위사 위사좌평 좌평 백가 쿠데타 병사 시해 해당
동성왕(東城王), 일본서기는 백제신찬이라는 것을 인용하여 백제신찬에 이르기를 말다왕이 무도하여 폭정을 펼치니 백성들을 학대하였다,일본 일본서기 서기 백제 백제신찬 신찬 인용 무도 폭정 백성 학대
동성왕(東城王), 백제의 국인이 함께 그를 제거하였다,백제 제의 국인 제거
동성왕(東城王), 무령왕을 옹립하니 휘는 사마왕인데 곤지왕자의 아들이다,무령 무령왕 옹립 사마 사마왕 왕인 곤지 곤지왕자 왕자 자의 아들
동성왕(東城王), 즉 말다왕 동성왕 은 이모형 이복형 이다,동성왕 성왕 이모형 이복 이복형 복형
동성왕(東城王), 라고 기록되었다,기록
동성왕(東城王), 그가 죽은 뒤에 동성왕 이라는 시호 를 받았다,동성왕 성왕 시호
동성왕(東城王), 능의 위치는 미상이다,위치 미상
무령왕(武寧王), 삼국사기 와 삼국유사 에 의하면 무령왕은 동성왕의 둘째 아들이고 일본서기 와 속일본기 에 의하면 비유왕 또는 개로왕의 동생인 곤지의 아들로 그의 어머니는 본래 개로왕의 후궁이었다,삼국사기 삼국 국사 사기 삼국유사 유사 무령 무령왕 동성왕 성왕 왕의 둘째 아들 일본서기 일본 서기 속일본기 일본기 본기 비유왕 유왕 개로왕 동생 곤지 어머니 본래 후궁
무령왕(武寧王), 일본서기와 속일본기의 자료에 의하면 동성왕은 그의 이복형이 된다,일본 일본서기 서기 기와 속일본기 속일본기의 일본기 본기 기의 자료 동성왕 성왕 이복 이복형 복형
무령왕(武寧王), 일본서기 에 의하면 개로왕이 임신한 후궁 실제로는 곤지의 애첩 을 그의 동생 곤지에게 주어 일본으로 가게 했다고 한다,일본 일본서기 서기 개로왕 임신 후궁 실제 곤지 애첩 동생
무령왕(武寧王), 461년 규슈 쓰쿠시 의 각라도 에 도달할 즈음 갑자기 산기를 느껴 사내 아이를 출산하였는데 이가 백제 무령왕이라고 한다,규슈 라도 도달 즈음 자기 산기 사내 아이 출산 백제 무령 무령왕
무령왕(武寧王), 무령왕릉 지석에 의하면 그가 섬에서 태어났다 하여 곤지는 그의 이름을 사마라고 지었다고 한다,무령 무령왕 무령왕릉 왕릉 지석 곤지 이름 사마 마라
무령왕(武寧王),일본서기의 백제신찬에서 백제 무령왕이 개로왕의 아들로 되어 있고 송서에도 백제 무령왕이 개로왕을 친부로 부르고 있다,일본 일본서기 서기 기의 백제 백제신찬 신찬 무령 무령왕 개로왕 왕의 아들 송서 친부 있다
무령왕(武寧王), 그러나 삼국사기 와 삼국유사 에는 사마왕이 동성왕 부여곤지의 둘째아들 의 아들로 기록되어 있는데 무령왕릉에서 발견된 지석에 따르면 동성왕과 백제 무령왕의 나이가 거의 비슷하여 부자관계가 아니라 백제 무령왕이 동성왕 모대 의 이복 동생 또는 씨가 다른 남남 동성왕은 모씨 백제 무령왕은 여씨 일 가능성이 제기되고 있다,삼국 삼국사기 국사 사기 삼국유사 유사 사마왕 사마 동성왕 성왕 부여곤지 부여 곤지 둘째 둘째아들 아들 기록 무령 무령왕 무령왕릉 왕릉 발견 지석 백제 왕의 나이 부자 부자관계 관계 모대 이복 동생 남남 모씨 여씨 가능성 제기 있다
무령왕(武寧王), 4 5 동성왕 무령왕 곤지 무령왕 동성왕 무령왕 순타태자 성왕 사아군 무령왕의 이복형인 동성왕은 왕권전제화 정책을 무리하게 추진하다가 위사좌병 백가를 위시한 반대파에게 살해당했다,동성왕 성왕 무령 무령왕 곤지 태자 아군 왕의 이복형 이복 복형 왕권 왕권전제화 전제 제화 정책 무리 추진 하다 위사 위사좌병 백가 위시 반대파 반대 살해 해당
무령왕(武寧王), 그러나 동성왕의 반대파에 의해 추대된 무령왕은 오히려 한솔 해명과 함께 501년 정월 가림성 에 근거를 두고 저항하던 백가를 토벌 7 하고 그 해 11월에 군사를 보내 고구려의 변경을 치고 8 같은 해에 고구려 수곡성 을 공격했다,동성왕 성왕 왕의 반대파 반대 추대 무령왕 무령 한솔 해명 정월 가림성 근거 두고 저항 백가 토벌 군사 고구려 변경 수곡성 곡성 공격
무령왕(武寧王), 503년 고목성에 쳐들어온 말갈족을 물리쳤고,고목 말갈 말갈족
무령왕(武寧王), 9 달솔 우영 을 보내 고구려의 수곡성을 습격하였다,달솔 우영 고구려 수곡성 곡성 습격
무령왕(武寧王), 10 507년 고구려의 지시를 받은 말갈족이 다시 고목성에 쳐들어오자 남쪽에 2개의 책 을 세우고 장령성 을 쌓았다,고구려 지시 말갈 말갈족 고목 오자 남쪽 장령
무령왕(武寧王), 512년에 고구려가 가불성과 원산성을 점거하고 약탈을 일삼자 군사 3 000명을 이끌고 위천 의 북쪽으로 진출해 크게 무찔렀다,고구려 불성 성과 원산 산성 점거 약탈 군사 위천 북쪽 진출
무령왕(武寧王), 523년 좌평 인우 와 달솔 사오 로 하여금 쌍현성 을 쌓게 했다,좌평 인우 달솔 쌍현성 현성
무령왕(武寧王),고구려와의 전쟁을 통해 세력의 균형을 이룬 무령왕은 가야지역으로도 진출하여 임실 남원방면에서 내륙으로 동진하여 섬진강 일대를 확보하고 경남서해안으로 진출하였으며 새로 확보한 지역에 군령과 성주를 파견하였다,고구려 고구려와의 와의 전쟁 세력 균형 무령 무령왕 가야 가야지역 지역 진출 임실 방면 내륙 동진 섬진강 일대 확보 경남서해안 경남 서해안 서해 군령 성주 파견
무령왕(武寧王),무령왕은 즉위 후 동성왕을 시해한 귀족들의 세력을 누르고 왕권을 강화하였다,무령 무령왕 즉위 동성왕 성왕 시해 귀족 세력 왕권 강화
무령왕(武寧王), 중국의 역사서 양서 의 백제전에 따르면 22개로 운영되던 담로 백제의 지방행정조직으로 읍에 해당 에 왕족을 보내 통치하도록 하여 중앙집권화와 지방에 대한 지배권을 강화하였다,중국 역사 역사서 사서 양서 백제 백제전 운영 담로 제의 지방행정조직 지방 행정 조직 해당 왕족 통치 중앙집권 중앙 집권 지배 지배권 강화
무령왕(武寧王), 무령왕은 지방통치에 왕족을 이용함으로써 커다란 토목공사에 필요한 노동력을 효율적으로 동원할 수 있게 되었으며 그를 통해 왕족들은 경제적인 기반을 확대해 나갔다,무령 무령왕 지방 지방통치 통치 왕족 이용 토목공사 토목 공사 필요 노동력 효율적 동원 경제적 기반 확대
무령왕(武寧王), 또한 최고 관등급인 좌평제 개편을 통해 귀족세력을 국왕 중심으로 서열화하고 국정을 책임 있게 분담시킴으로써 신 구세력을 통제하였다,최고 관등 관등급 등급 좌평 개편 귀족 귀족세력 세력 국왕 중심 열화 국정 책임 분담 구세력 통제
무령왕(武寧王), 이로써 직책이 없는 좌평도 등장하게 되었다,이로 직책 좌평 등장
무령왕(武寧王),스다 하치만 신사 에 소장된 일본의 국보 인물화상경 의 명문에는 계미년 503년 8월 10일 무령 대왕이 다스리던 때에 남제왕 게이타이 이 에 있을 때 사마 무령왕 는 게이타이의 장수를 기원하며 예인 금주리 두 사람을 보내어 상질의 백동 2백 한을 가져다 이 거울을 만들었다,하치 신사 소장 일본 국보 인물화 인물 인물화상경 상경 명문 계미년 미년 무령 대왕 남제왕 남제 제왕 게이타이 게이 타이 사마 무령왕 장수 기원 예인 금주리 주리 사람 보내어 상질의 질의 백동 거울
무령왕(武寧王), 는 기록이 있다 명문의 판독과 해석에 대해서는 여러 설이 있다 ,기록 있다 명문 판독 해석
무령왕(武寧王),무령왕은 백제의 문화 발전에 많은 노력을 기울였다,무령 무령왕 백제 제의 문화 발전 노력
무령왕(武寧王), 무령왕은 512년과 521년에 중국의 양나라에 사신을 보내 외교관계를 강화했다,무령 무령왕 중국 양나라 나라 사신 외교 외교관계 관계 강화
무령왕(武寧王), 521년 양 무제 로부터 사지절도독백제제군사영동대장군 의 작호를 받았다,무제 사지 사지절 지절도독 절도 절도독백제제군사 도독 독백 백제 제제 군사 영동 영동대장군 대장군 장군 작호
무령왕(武寧王), 즉위 5년에 왜에 이미보내어진 마나군이 왕족이 아니라는 이유로 사아군과 교체를 하여 왕족중심으로 정국을 운영하여 정치를 안정시켰다,즉위 왜에 보내어 마나 마나군 왕족 이유 아군 교체 왕족중심 중심 정국 운영 정치 안정
무령왕(武寧王), 한편 일본의 게이타이 천황에게 동경 11 을 하사하였다,한편 일본 게이 게이타이 타이 천황 동경 하사
무령왕(武寧王), 513년 오경박사 단양이 12 와 516년 고안무 13 를 일본에 보내어 백제의 문화를 일본에 전해주기도 하였다,오경 오경박사 박사 단양이 고안무 일본 보내어 백제 제의 문화 주기도 기도
무령왕(武寧王), 민생의 안정에도 힘써 제방을 수축하고 유식자 들을 구제해 농사를 짓게 했다,민생 안정 제방 수축 유식자 구제 농사
무령왕(武寧王),523년 62세로 붕어하였다,붕어
무령왕(武寧王), 일본으로 파견되었던 아들 순타태자가 요절하였으므로 다른 아들인 명농 성왕 이 보위에 올랐다,일본 파견 아들 태자 자가 요절 명농 성왕 보위
무령왕(武寧王),1971년 음력 7월 충청남도 공주군 송산리에서 발견된 왕릉의 지석에는 능의 축조연대와 함께 사망 시의 무령왕 나이가 기록되어 있다,음력 충청남도 충청남 공주군 주군 송산리 발견 왕릉 지석 축조 축조연대 연대 사망 시의 무령왕 무령 나이 기록 있다
무령왕(武寧王), 무령왕릉은 삼국시대 무덤들 가운데 주인과 매장 연도를 정확히 알려주는 최초의 무덤이며 금제관식 금제심엽형이식 귀걸이 금제뒤꽂이 은제팔찌 청동신수경 석수 등을 포함하여 총 2 900여 점에 달하는 부장품들이 출토되어 오늘날 백제 문화를 연구하는 데 귀중한 자료가 되고 있다,무령왕릉 무령왕 무령 왕릉 삼국시대 삼국 시대 무덤 가운데 주인 매장 연도 정확 최초 초의 금제관식 금제 관식 금제심엽형이식 심엽형 이식 귀걸이 금제뒤꽂이 뒤꽂이 은제 은제팔찌 팔찌 청동신수경 청동 신수경 석수 포함 부장품 출토 오늘날 백제 문화 연구 자료 있다
성왕(聖王),523년 음력 5월에 부왕인 무령왕의 뒤를 이어 즉위하였으며 그해 음력 8월 패수 에 침입한 고구려군을 장군 지충 으로 하여금 물리치게 하였다,음력 부왕 왕인 무령 무령왕 왕의 즉위 그해 패수 침입 고구려 고구려군 장군 지충
성왕(聖王), 7 한편 일본서기 에 의하면 성왕이 즉위한 때는 무녕왕이 서거한 이듬해인 524년 정월로 기록되어 있다,한편 일본 일본서기 서기 성왕 즉위 무녕왕 서거 이듬해 이듬해인 정월 기록 있다
성왕(聖王), 524년 양 나라 고조 와 국교를 강화하여 양 고조로부터 지절도독 백제제군사수동장군 백제왕 에 책봉되었다,나라 고조 국교 강화 지절도독 절도 도독 백제 제제 군사 군사수동장군 수동 장군 백제왕 제왕 책봉
성왕(聖王), 8 525년 음력 2월 신라와 사신을 교환하여 수교하는 한편 9 526년 음력 10월 웅진성을 수리하였으며 10 남조와 연대하고 왜와 제휴를 꾀하여 고구려에 대항하는 전통적 외교 노선을 다져나갔다,음력 신라 사신 교환 수교 한편 웅진 웅진성 수리 남조 연대 제휴 고구려 대항 전통적 외교 노선
성왕(聖王),529년 음력 10월 고구려 안장왕이 군사를 거느리고 북쪽 변경을 침입하여 혈성이 함락되었다,음력 고구려 안장 안장왕 군사 북쪽 변경 침입 혈성 함락
성왕(聖王), 성왕은 좌평 연모 에게 명하여 보병과 기병 3만을 이끌고 싸우게 했지만 오곡원 전투에서 패하여 2천여 명이나 되는 병사들이 전사하는 등 ,성왕 좌평 연모 보병 기병 오곡 오곡원 전투 2천여 병사 전사
성왕(聖王), 11 커다란 피해를 입었다,피해
성왕(聖王), 이후 신라와 동맹을 맺어 고구려에 공동으로 대처하였으며 534년 3월에 사신을 보내 양 나라에 조공하였다,이후 신라 동맹 맺어 고구려 공동 대처 사신 나라 조공
성왕(聖王),그 해 여름 4월 정묘에 형혹 화성 이 남두 남두육성 궁수자리의 일부 를 침범하였다,여름 정묘 화성 육성 궁수 궁수자리 자리 일부 침범
성왕(聖王), 12 538년 봄 수도를 웅진에서 사비 로 옮기고 국호를 남부여라 하였다,수도 웅진 사비 기고 국호 남부 남부여 남부여라 부여
성왕(聖王), 13 540년 9월에 왕은 장군 연회 에게 명령하여 고구려의 우산성 을 공격하게 하였으나 이기지 못하였다,장군 연회 명령 고구려 우산성 산성 공격
성왕(聖王), 14 541년 에 왕이 사신을 양나라에 보내 조공하고 아울러 표를 올려 모시박사 와 열반 등의 경의 경서 및 공장 과 화사 등을 청하여 양나라의 허락을 받았다,사신 양나라 나라 조공 모시 모시박사 박사 열반 경의 경서 공장 화사 청하 허락
성왕(聖王), 15 548년 정월에 고구려 양원왕이 예 와 모의하여 한강 북쪽 한북 의 독산성 을 공격해오자 성왕은 신라에 사신을 보내 구원을 요청하였다,정월 고구려 양원왕 모의 한강 북쪽 한북 독산성 산성 공격 오자 성왕 신라 사신 구원 요청 청하
성왕(聖王), 신라 진흥왕은 장군 주진 에게 명하여 갑옷 입은 군사 3천 명을 거느리고 떠나게 하였다,신라 진흥 진흥왕 장군 주진 갑옷 군사
성왕(聖王), 주진이 밤낮으로 길을 가서 독산성 아래에 이르러 고구려 군사와 한 번 싸워 크게 격파하였다,주진 진이 밤낮 독산성 산성 아래 고구려 군사 격파
성왕(聖王), 16 549년 10월에 성왕은 양나라의 건강 에 후경 552년 양의 장군 의 난이 있었음을 알지 못하고 사신을 보내 조공하였다,성왕 양나라 나라 건강 후경 양의 장군 난이 사신 조공
성왕(聖王), 사신이 이르러 이미 황폐하고 허물어진 성 과 대궐을 보고 단문 밖에서 소리 내 우니 길을 가던 사람들이 보고 눈물을 흘리지 않는 자가 없었다,사신 신이 황폐 대궐 단문 소리 사람 눈물 자가
성왕(聖王), 후경은 이를 듣고 크게 노하여 사신 일행을 모두 잡아 가두어 버렸다,후경 사신 일행
성왕(聖王), 그 후 후경의 난이 평정되고 그들은 비로소 환국할 수 있었다,후경 경의 난이 평정 환국
성왕(聖王), 17 불교를 진흥했으며 중국의 남조와 활발하게 교류하여 일본에 불교를 전파하기도 했다,불교 진흥 중국 남조 교류 일본 전파 기도
성왕(聖王), 550년 정월에 왕은 장군 달기 를 보내 군사 1만 명을 거느리고 고구려 도살성 을 공격하여 빼앗았다,정월 장군 달기 군사 고구려 도살 도살성 공격
성왕(聖王), 3월에 고구려 군사가 금현성 을 포위하였다,고구려 군사 금현성 현성 포위
성왕(聖王), 18 고구려의 내정이 불안한 틈을 타서 나제 동맹을 맺은 신라와 백제는 고구려의 한강 상류 유역을 공격하여 점령하였다 551년 ,고구려 내정 불안 동맹 신라 백제 한강 상류 유역 공격 점령
성왕(聖王), 19 신라는 10개의 군을 얻고 백제는 6개의 군을 얻었다,신라 백제
성왕(聖王), 신라 진흥왕은 함경남도 함경북도까지 진출하여 순수비를 세우며 세를 넓혀갔지만 고구려는 돌궐과의 전쟁으로 신라의 영토 확장에 대응할 수가 없었다,신라 진흥왕 진흥 함경남도 함경남 경남 함경북도 함경북 경북 북도 진출 순수비 고구려 돌궐과 궐과 과의 전쟁 영토 확장 대응
성왕(聖王), 이때 백제는 신라에게 고구려 평양성 협공을 제의하였고 고구려는 경기도 황해도 한반도 북서부 등 진흥왕이 새로 개척한 땅을 신라 땅으로 용인해 주는 대신 수도 평양성으로 진군하지 말 것을 제의하였다,이때 백제 신라 고구려 평양성 양성 협공 제의 경기 경기도 기도 황해도 한반도 북서부 진흥 진흥왕 개척 용인 대신 수도 진군
성왕(聖王), 진흥왕은 백제의 제의를 거절하고 고구려의 제의를 받아들였다,진흥 진흥왕 백제 제의 거절 고구려 아들
성왕(聖王), 신라는 경기도 황해도 한반도 북서부로 영토를 확장하고 백제로 진군하기 시작했다,신라 경기 경기도 기도 황해도 한반도 북서부 영토 확장 백제 진군 시작
성왕(聖王), 그러나 백제가 화해를 원하므로 진군을 멈추었다,백제 화해 진군
성왕(聖王), 553년 음력 7월 백제는 고구려로부터 회복한 한강 유역의 대부분을 신라에 빼앗기고 20 21 신라에 포위되었다,음력 백제 고구려 회복 한강 유역 대부 대부분 부분 신라 기고 포위
성왕(聖王), 22 음력 10월에 왕녀를 신라의 진흥왕에게 시집보냈다,음력 왕녀 신라 진흥 진흥왕
성왕(聖王), 23 554년 일본에서 병사를 모으는 한편 왕자 창 27대 위덕왕 과 함께 군사를 동원하여 신라 공격에 나섰다,일본 병사 한편 왕자 위덕왕 군사 동원 신라 공격
성왕(聖王), 하지만 신라의 고간 도도에게 살해당하였다,신라 고간 살해 해당
위덕왕(威德王),즉위 전 원본 편집 554년에 성왕이 전사하자 30살의 나이로 국정을 이어받았다,즉위 원본 편집 성왕 전사 30살의 살의 나이 이로 국정
위덕왕(威德王), 그는 태자 시절부터 성왕을 도와 국정에 같이 참여하였고 신라가 동맹을 어기고 한강 유역을 장악했을 때는 신라 정벌론을 펼쳤다,태자 시절 성왕 국정 참여 신라 동맹 기고 한강 유역 장악 정벌
위덕왕(威德王), 그의 강경론에 따라 성왕이 신라 공격을 결심하자 554년에 자신이 선봉을 서서 관산성 공략에 나섰다,강경론 성왕 신라 공격 결심 자신 신이 선봉 서서 관산성 산성 공략
위덕왕(威德王), 이 일은 많은 신하가 반대하였으나 창은 주장을 굽히지 않고 기어코 관산성을 공격했다,신하 반대 주장 관산성 산성 공격
위덕왕(威德王), 성왕은 관산성을 공격하고 있던 태자 창을 위로하기 위해 밤길을 달려가다 신라군의 복병 김무력의 급습을 당해 죽임을 당하였는데 창은 그 죄책감에 시달리며 출가하여 승려가 되려고 하였다,성왕 관산성 산성 공격 태자 위로 밤길 신라 신라군 군의 복병 김무력 무력 급습 죄책감 출가 승려
위덕왕(威德王), 하지만 신하들이 강력하게 만류하자 창은 뜻을 굽히고 왕위를 승계했다,신하 만류 왕위 왕위를 승계
위덕왕(威德王), 그는 성왕의 삼년상을 치르고 557년 정식으로 왕위를 승계했는데 이는 자기 탓으로 부왕이 죽은 것에 대한 참회의 의미로 보인다,성왕 왕의 삼년상 정식 왕위 왕위를 승계 자기 부왕 참회 의미
위덕왕(威德王),성왕이 전사하여 나라가 불안한 가운데 태자로서 왕의 임무를 수행하던 그는 국정을 맡자마자 고구려의 침입을 받아야 했다,성왕 전사 나라 불안 가운데 태자 태자로 자로 왕의 임무 수행 국정 고구려 침입
위덕왕(威德王), 고구려는 554년 음력 10월에 군대를 이끌고 쳐들어왔는데 이는 성왕이 죽은 지 불과 3개월 만이었다,고구려 음력 군대 성왕 3개월 개월 만이
위덕왕(威德王), 고구려는 신라가 길을 열어주자 단숨에 웅진성 까지 달려와 백제를 위협하였다,고구려 신라 웅진 웅진성 백제 위협
위덕왕(威德王), 백제의 옛 도읍이자 군사적 요충지인 웅진성은 사비성에서 불과 한나절 거리도 떨어져 있지 않은 곳이었다,백제 제의 도읍 도읍이자 이자 군사 군사적 요충지 웅진 웅진성 사비 사비성 한나절 거리
위덕왕(威德王), 말하자면 백제의 폐와 같은 곳인데 고구려가 한걸음에 달려왔으니 백제로서는 당황하지 않을 수 없었다,백제 제의 고구려 한걸음 당황
위덕왕(威德王), 위덕왕은 총력전을 펼쳐 가까스로 고구려군을 패퇴시켰지만 고구려의 재침을 염려하지 않을 수 없었다,위덕왕 총력전 고구려 고구려군 패퇴 재침 염려
위덕왕(威德王), 13 또한 고구려의 침략은 신라가 길을 터준 결과였으므로 고구려와 신라가 연합하여 공격해올 수도 있었다,고구려 침략 신라 결과 연합 공격 수도
위덕왕(威德王),즉위 이후 원본 편집 위덕왕은 오랜 동맹국인 가야 쪽에 밀사를 파견하여 신라에게 빼앗긴 가야 땅을 되찾아 가야를 재건할 방법을 모색하였고 그것은 561년 음력 7월에 신라에 대한 공격으로 나타났다,즉위 이후 원본 편집 위덕왕 동맹 동맹국 국인 가야 밀사 파견 신라 재건 방법 모색 그것 음력 공격
위덕왕(威德王), 백제가 신라를 공략하는 사이 가야는 내부를 수습하고 신라의 뒤를 후리는 양동작전을 구사했던 것이다,백제 신라 공략 사이 가야 내부 수습 양동 양동작전 작전 구사
위덕왕(威德王),그러나 백제군은 신라의 반격에 밀려 1천명의 사상자를 내고 패주함으로써 작전은 실패로 돌아갔다,백제 백제군 군은 신라 반격 1천명 명의 사상 사상자 패주 작전 실패
위덕왕(威德王), 14 백제군을 물리친 신라는 그 여세를 몰아 가야를 공격했다,백제 백제군 신라 여세 가야 공격
위덕왕(威德王), 가야를 집어삼킬 기회를 엿보며 침공의 명분을 찾고 있던 신라로서는 이 이상 좋은 기회가 없었던 것이다,가야 기회 침공 명분 신라 이상
위덕왕(威德王),이사부가 이끈 신라군은 장군 사다함을 앞세워 순식간에 가야 전역을 휩쓸어버렸고 그것은 그나마 명맥을 유지하고 있던 가야의 몰락으로 이어졌다,이사부 신라 신라군 신라군은 군은 장군 사다함 순식간 가야 전역 그것 명맥 유지 몰락
위덕왕(威德王),전쟁의 종식 원본 편집 전쟁 위협이 사라지자 위덕왕은 외교 경로를 통하여 고구려를 고립시키는 전략을 구사하였다,전쟁 종식 원본 편집 위협 위덕왕 외교 경로 고구려 고립 전략 구사
위덕왕(威德王), 수나라가 진나라를 몰락시킬 당시 수나라의 전함 한 대가 탐라에 표류해왔는데 위덕왕은 그들의 배를 수리해주고 선물을 가득 채워서 함께 돌려보냈다,수나라 나라 진나라 몰락 당시 전함 대가 탐라 표류 위덕왕 수리 선물
위덕왕(威德王), 양견은 이 일로 백제를 매우 신임하고 굳이 사신을 보내고 조공을 바치는 일을 하지 않아도 된다는 조서를 내리기까지 하였다,양견 백제 신임 사신 조공 조서
위덕왕(威德王), 수나라로 하여금 고구려에 대한 공격을 유도한다는 계획은 이런 상황에서 이뤄진 것이다,수나라 나라 고구려 공격 유도 계획 상황
위덕왕(威德王),정황을 살피며 수나라에 그런 의지를 전달할 기회를 엿보고 있던 위덕왕은 598년에 수나라와 고구려가 요동을 놓고 전쟁을 벌이자 사신을 파견하여 고구려는 예의가 없고 오만한 나라라고 비난하였다,정황 수나라 나라 의지 전달 기회 위덕왕 고구려 요동 전쟁 이자 사신 파견 예의 오만 비난
위덕왕(威德王), 그리고 만약 수나라가 다시 고구려를 친다면 백제가 도와주겠다는 제의를 했다,만약 수나라 나라 고구려 백제 제의
위덕왕(威德王), 그러나 양견은 아직 고구려를 재침할 여력이 없다고 판단하고 위덕왕의 제의를 받아들이지 않았다,양견 고구려 재침 여력 판단 위덕왕 왕의 제의 아들
위덕왕(威德王),한편 백제가 수나라로 하여금 고구려를 치도록 충동질하고 있다는 사실을 전해들은 고구려는 즉시 병력을 동원하여 백제 국경을 노략질하며 보복을 감행하고 돌아갔다,한편 백제 수나라 나라 고구려 충동질 있다 사실 즉시 병력 동원 국경 노략 보복 감행
위덕왕(威德王), 곤경에 빠진 위덕왕은 74세의 나이로 눈을 감았다,곤경 위덕왕 나이 이로
혜왕(惠王), 수서 백제전에는 ,수서 백제 백제전
혜왕(惠王), 즉 창 백제 위덕왕 의 아들은 선 백제 법왕 선의 아들은 장 백제 무왕 이라고 쓰여 있고 혜왕은 기록되어 있지 않다,백제 위덕왕 아들 법왕 무왕 혜왕 기록
혜왕(惠王), 일본서기 에는 흠명 천황 긴메이 천황 16년 555년 2월에 백제 성왕이 사망한 것을 알리기 위해서 창 백제 위덕왕 이 보낸 사자 로서 혜왕의 이름이 나오는데 백제 위덕왕의 남동생이라고 적고 있다,일본서기 일본 서기 흠명 천황 메이 백제 성왕 사망 위덕왕 사자 혜왕 왕의 이름 남동생 동생 있다
혜왕(惠王),일본 신찬성씨록 은 혜왕의 후손이 일본으로 건너가 백제조신 의 작위를 받았다고 한다,일본 신찬 찬성 찬성씨록 성씨 혜왕 왕의 후손 건너 백제 백제조신 조신 작위
혜왕(惠王), 그래서 백제조신의 집안에서 그를 시조로 받든다는 것이다,백제 백제조신 조신 신의 집안 시조
법왕(法王), 삼국사기 와 삼국유사 에 따르면 법왕은 혜왕의 아들이다,삼국 삼국사기 국사 사기 삼국유사 유사 법왕 혜왕 왕의 아들
법왕(法王), 1 한편 김부식은 삼국사기에서 중국 사서인 수서 의 내용도 기록하여 법왕은 혜왕의 장자이고 혜왕이 죽자 법왕이 계승했는데 수서 에서는 위덕왕의 아들이라 한다 고 부기하였다,한편 김부식 삼국 삼국사기 국사 사기 중국 사서인 사서 수서 내용 기록 법왕 혜왕 왕의 장자 계승 위덕왕 아들 부기
법왕(法王), 일본서기 에는 위덕왕의 막내아들이자 아좌태자의 동생이라고 한다,일본 일본서기 서기 위덕왕 왕의 막내 막내아들 아들 이자 좌태자 태자 태자의 자의 동생
법왕(法王),598년 9월 위덕왕이 중국 수나라에 표문과 조공을 바치자 고구려는 이를 문제삼아 백제의 변경을 공격하였다,위덕왕 중국 수나라 나라 표문 조공 고구려 문제 삼아 백제 제의 변경 공격
법왕(法王), 이때 효순은 백제의 장군으로 고구려군을 맞아 싸웠다,이때 백제 제의 장군 고구려 고구려군
법왕(法王), 효순은 아버지 혜왕이 598년 12월 왕위에 오른 직후 고령으로 사망하자 바로 즉위하였는데 그가 바로 법왕이다,아버지 혜왕 왕위 직후 고령 사망 즉위 법왕
법왕(法王),법왕은 불교를 숭상하여 사비에 미륵사를 짓게 하는 한편 살생을 막으려고 백성들에게 물고기를 잡는 그물과 어업 조업 도구들을 태워버리라고 명하고 사냥용 매를 풀어주었다,법왕 불교 숭상 사비 미륵사 한편 살생 백성 물고기 그물 어업 조업 도구 사냥
법왕(法王), 2 600년 5월 법왕이 사망하였다,법왕 사망
법왕(法王), 3 아버지인 혜왕과 법왕 부자의 재위기간은 두 사람이 합쳐서 고작 1년6개월이었다,아버지 혜왕 법왕 부자 자의 재위 재위기간 기간 사람 1년6개월 개월
법왕(法王), 불교를 숭상하여 시호를 법왕 으로 하였다,불교 숭상 시호 법왕
무왕(武王),무왕의 출생 배경과 가계에 대해서는 정확하게 알려지지 않고 있다,무왕 왕의 출생 배경 가계 정확 지지 있다
무왕(武王), 그의 가계는 사서마다 다르게 나타나고 있다,가계 사서 있다
무왕(武王), 삼국사기 는 무왕을 법왕의 아들이라고 기록하고 있고 삼국유사 는 과부의 아들이라고 전하고 있다,삼국 삼국사기 국사 사기 무왕 법왕 왕의 아들 기록 삼국유사 유사 과부 있다
무왕(武王), 2 삼국유사 는 무왕을 못가에 사는 여인의 자식이라고 전하며 무왕의 어머니는 못가에 사는 과부였는데 어느 날 못에서 검은 용이 나타나 과부와 통정해서 아들을 낳았다고 전한다,삼국 삼국유사 유사 무왕 못가 여인 인의 자식 왕의 어머니 과부 과부와 아들
무왕(武王), 그 아들이 자라서 재주가 뛰어나고 용기가 있었는데 그가 왕위에 올라 무왕이 되었다고 한다,아들 재주 용기 기가 왕위 무왕
무왕(武王), 한편 전라북도 익산에는 무왕이 연못에서 사는 용의 아들이라는 탄생 설화도 전해 내려온다,한편 전라 전라북 전라북도 북도 익산 익산에 무왕 연못 용의 아들 탄생 설화
무왕(武王),그러나 법왕의 아들이 아닌 다른사람의 아들이라는 설도 있다,법왕 왕의 아들 사람 있다
무왕(武王), 중국의 구당서와 당나라로 끌려간 백제 유민들의 묘비석에는 부여관의 아들이라 하며 일본의 신찬성씨록이나 도요타씨 오우치씨의 족보에는 진이왕으로 나타난다,중국 구당서 당나라 나라 백제 유민 묘비석 비석 부여 부여관 여관 아들 일본 신찬 찬성 찬성씨록 성씨 도요타씨 요타 오우 족보 진이 진이왕
무왕(武王), 진이왕 부여관이 위덕왕 혜왕 법왕과 어떤 관계인지는 정확하게 알려지지 않았다,진이 진이왕 부여 부여관 부여관이 여관 관이 위덕왕 혜왕 법왕 관계 정확 지지
무왕(武王), 무왕의 아버지로 추정되는 진이왕의 존재는 오랫동안 알려지지 않았다가 19세기 이규경이 중국의 묘지명을 자신의 저서 오주연문장전산고 에 인용하면서 조선에도 알려지게 되었다,무왕 왕의 아버지 추정 진이 진이왕 존재 오랫동안 지지 19세기 세기 이규경 중국 묘지명 자신 신의 저서 오주연문장전 주연 장전 산고 인용 조선
무왕(武王),600년 법왕의 뒤를 이어 즉위하였는데 신라와 자주 충돌하였다,법왕 왕의 즉위 신라 충돌
무왕(武王), 602년 신라의 아막산성 을 공격하였으나 패하였다,신라 산성 공격
무왕(武王), 611년 10월 가잠성 을 공격하여 100여일만에 빼앗고 616년에는 모산성 을 공격하였으나 실패하였다,잠성 공격 모산성 산성 실패
무왕(武王), 623년 가을에는 늑노현 을 침범하였다,가을 늑노현 노현 침범
무왕(武王), 633년 음력 8월 서곡성 을 점령 636년 5월 장군 우소 에게 명령하여 독산성 을 습격하였으나 패하였다,음력 곡성 점령 장군 우소 명령 독산성 산성 습격
무왕(武王),한편 무왕은 고구려의 남진을 견제하기 위해 수나라에 조공을 바치고 여러 번 고구려 공격을 청하였다,한편 무왕 고구려 남진 견제 수나라 나라 조공 공격 청하
무왕(武王), 수나라가 멸망하고 당나라가 건국한 뒤에도 친선 정책을 전개하였다,수나라 나라 멸망 당나라 건국 친선 정책 전개
무왕(武王), 624년 사신을 당나라에 보내 당 고조 로부터 대방군공 백제왕 이라는 칭호를 받았다,사신 당나라 나라 고조 대방 대방군 대방군공 백제 백제왕 제왕 칭호
무왕(武王), 627년 군사를 동원하여 신라 침공을 시도하였으나 당 태종이 백제와 신라의 화친을 권유했으므로 이를 중지하였다,군사 동원 신라 침공 시도 태종 백제 화친 권유 중지하
무왕(武王),602년 백제 무왕 3년 관륵 을 일본에 파견하여 천문 책력 지리 둔갑방술 등에 관한 많은 책을 전하고 백제의 불교를 전파하였다,백제 무왕 관륵 일본 파견 천문 책력 지리 둔갑 둔갑방술 방술 등에 제의 불교 전파
무왕(武王), 3 4 630년 사비 왕궁을 수리하였으나 가뭄으로 인해 중지하였다,사비 왕궁 수리 가뭄 중지하
무왕(武王), 634년 왕흥사 를 창건 5 하고 궁남지를 건설하였으며 전북 익산에 미륵사와 궁궐 왕궁리 을 조성하는 토목공사를 벌였다,왕흥사 창건 궁남지 남지 건설 전북 익산 익산에 미륵사 궁궐 왕궁 왕궁리 조성 토목 토목공사 공사
무왕(武王),무왕은 익산 천도를 통한 귀족세력의 재편성을 기도했다,무왕 익산 천도 귀족 귀족세력 세력 재편성 기도
무왕(武王), 비록 익산 천도는 이루어지지 못했지만 관산성 패배 이후 동요된 백제 왕권이 무왕 때 와서 급속히 회복되었다,익산 천도 지지 관산성 산성 패배 이후 동요 백제 왕권 무왕 회복
무왕(武王), 그리하여 아들인 의자왕이 즉위 초기에 정치적 개혁을 통해 전제 왕권을 구축할 수 있도록 기반을 마련해 주었다,아들 의자 의자왕 즉위 초기 정치 정치적 개혁 전제 왕권 구축 기반 마련
무왕(武王),무왕은 641년 음력 3월에 생을 마쳤다,무왕 음력
무왕(武王), 무왕이 죽은 후 당 태종은 소복을 입고 통곡을 하였으며 현무문 에서 애도식 을 거행하였고 광록대부를 추증하였다고 한다,무왕 태종 소복 통곡 현무 현무문 애도식 거행 광록대부 대부 추증
무왕(武王), 6 무왕의 능은 익산시 팔봉면 신왕리에 있는 쌍릉으로 추정하는 견해가 유력하다,무왕 왕의 익산 익산시 팔봉 팔봉면 신왕 신왕리 쌍릉 쌍릉으 추정 견해 유력 하다
무왕(武王), 고려시대에 이미 도굴된 적이 있는 쌍릉은 1916년에 조사되었는데 그에 따르면 사비시대 능산리 고분의 묘제와 일치함이 밝혀졌다,고려 고려시대 시대 도굴 쌍릉 조사 사비 사비시대 능산리 고분 묘제 일치
무왕(武王), 무왕의 능을 통해 그가 익산 태생이며 그의 성장기반이었던 점 왕권을 강화하기 위한 수단으로 익산을 중시했던 점을 고려해 볼 수 있다,무왕 왕의 익산 태생 성장 성장기반 기반 반이 왕권 강화 수단 중시 고려 있다
풍왕(豊王),의자왕 의 아들로 정비 소생이다,의자 의자왕 아들 정비 소생
풍왕(豊王), 부여 효 부여 태 부여 용 부여 융 부여 연 등은 그의 형이었다,부여
풍왕(豊王), 또한 백제 멸망 후 일본 에 정착한 선광왕 은 그의 형이었다,백제 멸망 일본 정착 선광왕
풍왕(豊王), 삼국사기 와 일본서기 의 두 기록을 종합해 보면 부여풍 은 631년 외교사절로 왜국 에 30년간 거주하고 있었다,삼국 삼국사기 국사 사기 일본서기 일본 서기 기록 종합 부여 부여풍 외교 외교사절 사절 왜국 30년간 년간 거주 주하
풍왕(豊王), 일본서기 에 의하면 백제 의자왕 이 630년 왕자 풍왕 을 보내 질 로 삼았다 1 고 적고 있고 삼국사기 에서도 일찍이 왜에 질 로 가 있던 옛 왕자 부여풍 을 맞아 왕으로 삼았다 2 고 기록한다,일본 일본서기 서기 백제 의자 의자왕 왕자 풍왕 삼국 삼국사기 국사 사기 왜에 부여 부여풍 기록
풍왕(豊王), 3 일본서기와 속일본기 신찬성씨록 등에는 부여풍에게는 일본여인 다우기고 의 딸이 왕비였다 한다,일본서기 일본 서기 기와 속일본기 일본기 본기 신찬 찬성씨록 찬성 성씨 등에 부여 부여풍 일본여인 여인 다우기고 다우 기고 왕비
풍왕(豊王), 그러나 그의 부인 다우기고 의 딸은 친정아버지의 이름만이 전할 뿐 생몰년대와 자세한 행적은 알려져있지 않다,부인 다우 다우기고 기고 친정 친정아버지 아버지 이름 이름만이 만이 생몰년 생몰년대 자세 행적
풍왕(豊王),서기 660년 사비성이 함락되고 의자왕을 비롯한 2천 명의 왕족과 귀족 백성이 당나라로 끌려가자 무왕의 조카인 좌평 복신과 흑치상지 도침 등을 중심으로 일어난 백제 부흥군에 의해 백제의 새로운 왕으로 추대되어 왜국의 원병과 함께 백제로 왔다,서기 사비성 사비 함락 의자왕 의자 명의 왕족 귀족 백성 당나라 나라 무왕 왕의 조카 좌평 복신과 복신 신과 상지 도침 중심 일어 백제 부흥군 부흥 제의 추대 왜국 원병
풍왕(豊王), 의자왕을 비롯한 2천 명의 왕족과 귀족 백성이 당나라로 끌려간 소식이 일본에 알려지자 일본의 텐지 천황은 그에게 귀국하여 부왕의 왕위를 이으라 하고 구원병을 따로 내주어 함께 백제로 보냈다,의자왕 의자 명의 왕족 귀족 백성 당나라 나라 소식 일본 천황 귀국 부왕 왕의 왕위 왕위를 구원병 구원 원병 백제
풍왕(豊王),그러나 복신이 도침을 살해하고 전권을 장악하게 되자 부여풍은 제사만을 맡게 되었다,복신 복신이 신이 도침 살해 전권 장악 부여 부여풍 제사
풍왕(豊王), 663년 복신과의 알력으로 복신을 죽이고 고구려와 왜의 군사들을 동원하여 나 당 연합군에 맞섰으나 9월에 백강 전투에서 대패하고 몇 사람의 근신만을 거느린 채 배 한 척에 의지해 고구려로 도주하였다,복신 복신과 신과 과의 알력 고구려 군사 동원 연합 연합군 백강 전투 대패 사람 근신 의지 도주 주하
풍왕(豊王), 고구려로 망명한 뒤 왜국에 남아있던 아우 부여용 과 몰래 내응하기도 했으나 668년에 고구려가 신라 당나라 연합군에게 멸망한 후 당나라에 끌려가 중국 남부 지방으로 유형되었다고 한다,고구려 망명 왜국 아우 부여용 부여 내응 기도 신라 당나라 나라 연합 연합군 멸망 중국 남부 지방 유형
풍왕(豊王), 4 이후의 생애는 알려지지 않았다,이후 생애 지지
풍왕(豊王),기존의 삼국사기 와 삼국유사 같은 한국의 역사 기록에서는 백제의 마지막 왕을 31대 의자왕으로 보았고 한국의 현행 국사교과서 역시 백제의 왕대를 서술함에 의자왕을 마지막 왕으로 잡아 연대를 작성했다,기존 삼국 삼국사기 국사 사기 삼국유사 유사 한국 역사 기록 백제 제의 마지막 의자왕 의자 현행 국사교과서 교과서 왕대 서술 연대 작성
풍왕(豊王), 따라서 정식 즉위식을 치르지 못한 중앙정부가 붕괴된 상태에서 복신이나 도침 같은 부흥군 지도부에 의해 추대된 부여풍은 정식 백제왕으로 인정하지 않는 것이 당연하게 여겨지고 있다,정식 즉위식 즉위 중앙정부 중앙 정부 붕괴 상태 복신 복신이 신이 도침 부흥군 부흥 지도 지도부 추대 부여풍 부여 백제왕 백제 제왕 인정 있다
풍왕(豊王), 하지만 조선 시대 국학의 발전과 함께 대의명분을 밝히고 정통과 비정통을 엄격하게 구별하는 성리학적 관점에서 백제 부흥군의 활동을 백제 역사의 연장선으로 보는 시각이 대두되었다,조선 시대 국학 발전 대의 대의명분 명분 정통 구별 성리학 관점 백제 부흥 부흥군 부흥군의 군의 활동 역사 연장선 시각 대두
풍왕(豊王), 대표적인 것이 안정복의 동사강목 으로 백제 부흥군이 나 당 연합군에 맞서 항쟁한 660년부터 663년까지의 3년간을 부여풍의 재위기간으로 보고 백제의 멸망을 663년으로 기록하였다,대표적 안정복 안정 동사 동사강목 강목 백제 부흥군 부흥 연합군 연합 항쟁 3년간 년간 부여 부여풍의 부여풍 풍의 재위 재위기간 기간 제의 멸망 기록
